Название	Цена, руб.	Бренд	Цвет	Страна производитель	Добавили в корзину, чел.	Ссылка на изображение
GRUUV	7996	ECCO	БЕЛЫЙ	ТАИЛАНД	5	pics/EC52520450874.jpg
N902	7145	DIADORA	КОРИЧНЕВЫЙ	КИТАЙ	7	pics/DR501178559C7240.jpg
TITAN	8394	DIADORA	РАЗНОЦВЕТНЫЙ	КИТАЙ	1	pics/DR501177355D0613.jpg
RAPTOR LOW SL	4745	DIADORA	БЕЖЕВЫЙ	КИТАЙ	4	pics/DR101178325C4157.jpg
N902	7495	DIADORA	СИНИЙ	КИТАЙ	4	pics/DR501178559C4358.jpg
GRUUV	7996	ECCO	ЧЕРНЫЙ	ТАИЛАНД	4	pics/EC52520451052.jpg
SNIPE	6594	DIADORA	СИНИЙ	ВЬЕТНАМ	1	pics/DR101179070C5224.jpg
ROBIN 4	3594	DIADORA	СИНИЙ	КИТАЙ	2	pics/DR101179084C9625.jpg
ROBIN 4	3594	DIADORA	ЧЕРНЫЙ	КИТАЙ	1	pics/DR101179084C2815.jpg
N902	8994	DIADORA	ЗЕЛЕНЫЙ	КИТАЙ	3	pics/DR501178559C6640.jpg
RAPTOR LOW SL	2847	DIADORA	СЕРЫЙ	КИТАЙ	6	pics/DR10117832575043.jpg
Slipstream	11891	PUMA	БЕЛЫЙ	КИТАЙ	2	pics/PM38854910.jpg
SIMPLE RUN	4995	DIADORA	ЗЕЛЕНЫЙ	КИТАЙ	1	pics/DR101179237C9900.jpg
BLAZER MID `77 JUMBO	18990	NIKE	БЕЛЫЙ	ВЬЕТНАМ	4	pics/NKDD3111100.jpg
EAGLE 6 SL	2996	DIADORA	ЧЕРНЫЙ	КИТАЙ	5	pics/DR101179076C0200.jpg
N902	8574	DIADORA	ЗЕЛЕНЫЙ	КИТАЙ	8	pics/DR501178559D0816.jpg
RAPTOR HIGH SL	10990	DIADORA	РАЗНОЦВЕТНЫЙ	КИТАЙ	?	pics/DR10117832425159.jpg
EAGLE 6	2996	DIADORA	СЕРЫЙ	КИТАЙ	1	pics/DR101179075C3567.jpg
AIR MAX 270	21990	NIKE	ЧЕРНЫЙ	ИНДОНЕЗИЯ	5	pics/NKAH8050022.jpg
N902	8574	DIADORA	ЧЕРНЫЙ	КИТАЙ	7	pics/DR501178559C0200.jpg
RAPTOR HIGH SL	2997	DIADORA	БЕЖЕВЫЙ	КИТАЙ	5	pics/DR101178324C4157.jpg
EAGLE 6	2996	DIADORA	ЧЕРНЫЙ	КИТАЙ	4	pics/DR101179075C2815.jpg
AIR MAX SC	15672	NIKE	ЧЕРНЫЙ	ИНДОНЕЗИЯ	1	pics/NKCW4555002.jpg
ROBIN 4	3594	DIADORA	СЕРЫЙ	КИТАЙ	1	pics/DR101179084C2763.jpg
SIMPLE RUN	4194	DIADORA	СЕРЫЙ	КИТАЙ	1	pics/DR10117923775067.jpg
N902	7145	DIADORA	ГОЛУБОЙ	КИТАЙ	2	pics/DR501178559D0959.jpg
EAGLE 6	2996	DIADORA	КРАСНЫЙ	КИТАЙ	1	pics/DR101179075C0194.jpg
GRUUV	7996	ECCO	БЕЖЕВЫЙ	ТАИЛАНД	3	pics/EC52520451728.jpg
ACESHOT 0722 1 SMA	13286	LACOSTE	ЧЕРНЫЙ	ВЬЕТНАМ	1	pics/743SMA0013011.jpg
237	12990	NEW BALANCE	ЧЕРНЫЙ	КИТАЙ	4	pics/NBMS237TG.jpg
FLAMINGO 7	4995	DIADORA	СЕРЫЙ	ВЬЕТНАМ	1	pics/DR101178054C9215.jpg
N.92	6174	DIADORA	СЕРЫЙ	КИТАЙ	1	pics/DR101173169C4385.jpg
LEATHER RUNNER	11490	TOMMY JEANS	ЧЕРНЫЙ	КИТАЙ	6	pics/TMEM0EM008980GK.jpg
S.L.WAVE RIDER	10149	MIZUNO	КРАСНЫЙ	ВЬЕТНАМ	1	pics/MZLD1GA192560.jpg
OLYMPIA	8393	DIADORA	ГОЛУБОЙ	КИТАЙ	1	pics/DR10117437660098.jpg
Dista Runner	6993	PUMA	БЕЛЫЙ	ВЬЕТНАМ	2	pics/PM38466509.jpg
N.92	5694	DIADORA	СИНИЙ	КИТАЙ	1	pics/DR10117316960071.jpg
MYTHOS BLUSHIELD	12995	DIADORA	ЧЕРНЫЙ	ВЬЕТНАМ	1	pics/DR101178067C0200.jpg
HANDBALL SPEZIAL	14799	ADIDAS	СИНИЙ	МЬЯНМА	5	pics/ADBD7633R00.jpg
FLAMINGO 7	4995	DIADORA	КОРИЧНЕВЫЙ	ВЬЕТНАМ	1	pics/DR101178054D0059.jpg
TRIDENT 90 RIPSTOP	14994	DIADORA	СИНИЙ	ПОРТУГАЛИЯ	2	pics/DR20117827370167.jpg
L001	8990	LACOSTE	БЕЛЫЙ	ВЬЕТНАМ	5	pics/742SMA009265T.jpg
ACESHOT 0722 1 SMA	13286	LACOSTE	КОРИЧНЕВЫЙ	ВЬЕТНАМ	1	pics/743SMA0013AFI.jpg
RAPTOR LOW	3316	DIADORA	ЗЕЛЕНЫЙ	КИТАЙ	5	pics/DR10117770170409.jpg
FLAMINGO 7	4995	DIADORA	СИНИЙ	ВЬЕТНАМ	1	pics/DR101178054D0017.jpg
ROYAL ULTRA	6399	REEBOK	БЕЖЕВЫЙ	КИТАЙ	1	pics/RBGX3521R00.jpg
FLAMINGO 7	4995	DIADORA	ЧЕРНЫЙ	ВЬЕТНАМ	1	pics/DR101178054C0787.jpg
Court Royale 2 Better Essential	7990	NIKE	БЕЛЫЙ	ИНДОНЕЗИЯ	3	pics/NKDH3160100.jpg
N.92	5694	DIADORA	СЕРЫЙ	КИТАЙ	2	pics/DR101173169C0341.jpg
ECLIPSE PREMIUM	12495	DIADORA	СИНИЙ	?	1	pics/DR20117662360058.jpg
N.92	4745	DIADORA	ЧЕРНЫЙ	КИТАЙ	5	pics/DR101173169C4831.jpg
JOGGEUR 2.0 0321	11388	LACOSTE	БЕЖЕВЫЙ	ВЬЕТНАМ	1	pics/742SMA0070OW9.jpg
L001	8990	LACOSTE	БЕЛЫЙ	ВЬЕТНАМ	6	pics/742SMA0092407.jpg
Splash 5	8393	ANTA	ГОЛУБОЙ	КИТАЙ	1	pics/AN8123211081.jpg
GRUUV	14392	ECCO	ЧЕРНЫЙ	ТАИЛАНД	3	pics/EC52520402001.jpg
PASSO 2	4995	DIADORA	ЧЕРНЫЙ	ВЬЕТНАМ	3	pics/DR101178460C2815.jpg
NIZZA HI RF	6990	ADIDAS	БЕЛЫЙ	ВЬЕТНАМ	4	pics/ADNGX2707R00.jpg
LASER 4	6573	ANTA	БЕЛЫЙ	КИТАЙ	1	pics/AN8123116071.jpg
NIZZA R	4645	ADIDAS	РАЗНОЦВЕТНЫЙ	ВЬЕТНАМ	2	pics/ADNGY7915R00.jpg
PASSO 2	4995	DIADORA	СЕРЫЙ	ВЬЕТНАМ	1	pics/DR101178460C8120.jpg
RAPTOR MID S	3996	DIADORA	КОРИЧНЕВЫЙ	КИТАЙ	5	pics/DR10117770225130.jpg
EAGLE 6	5243	DIADORA	ЧЕРНЫЙ	КИТАЙ	1	pics/DR101179075C3513.jpg
M.Skateboard Shoes	3100	ERKE	РАЗНОЦВЕТНЫЙ	КИТАЙ	1	pics/ER11124101133005.jpg
WILD RIDER ROUTE TRAINERS	8393	PUMA	ЧЕРНЫЙ	ВЬЕТНАМ	3	pics/PM38159703.jpg
RAPTOR MID S	3996	DIADORA	ЗЕЛЕНЫЙ	КИТАЙ	3	pics/DR10117770270409.jpg
Exhibit A	7200	ADIDAS	РАЗНОЦВЕТНЫЙ	КИТАЙ	3	pics/ADH69008R00.jpg
EAGLE 6	2996	DIADORA	ЧЕРНЫЙ	КИТАЙ	6	pics/DR101179075C0200.jpg
ACTIVE 4851 123 1	12586	LACOSTE	ЧЕРНЫЙ	КИТАЙ	1	pics/745SMA005202H.jpg
RAPTOR LOW SL	4974	DIADORA	РАЗНОЦВЕТНЫЙ	КИТАЙ	1	pics/DR101178325C8432.jpg
Equipment 10 EM	7990	ADIDAS	ЧЕРНЫЙ	КИТАЙ	1	pics/ADNGX6028R00.jpg
EQUIPMENT	9990	ADIDAS	ЧЕРНЫЙ	КИТАЙ	2	pics/ADNGZ1327R00.jpg
A-EBUFFER	4683	ANTA	СЕРЫЙ	КИТАЙ	1	pics/AN8123277183.jpg
TRIDENT 90 RIPSTOP	9996	DIADORA	СЕРЫЙ	ПОРТУГАЛИЯ	8	pics/DR20117827375035.jpg
Alphabounce 3	5596	ADIDAS	ЧЕРНЫЙ	КИТАЙ	1	pics/ADNGY5085R00.jpg
ODYSSA 123 1 SMA	9990	LACOSTE	ЧЕРНЫЙ	ВЬЕТНАМ	3	pics/745SMA0004075.jpg
Alphabounce 3	9990	ADIDAS	ЧЕРНЫЙ	КИТАЙ	1	pics/ADNGY5403R00.jpg
MYTHOS BLUSHIELD VOLO 2	10396	DIADORA	СИНИЙ	ВЬЕТНАМ	2	pics/DR101178071D0012.jpg
Wave Rider 1	10149	MIZUNO	ЧЕРНЫЙ	ВЬЕТНАМ	2	pics/MZLD1GA192709.jpg
Wave Rider 1	10149	MIZUNO	СИНИЙ	ВЬЕТНАМ	1	pics/MZLD1GA192713.jpg
POST UP	6995	ADIDAS	БЕЛЫЙ	КИТАЙ	3	pics/ADNH00166R00.jpg
NIZZA	4645	ADIDAS	БЕЛЫЙ	ВЬЕТНАМ	3	pics/ADNGZ8656R00.jpg
RAPTOR MID S	3996	DIADORA	СИНИЙ	КИТАЙ	5	pics/DR10117770260071.jpg
ODYSSA LITE 123 1	10788	LACOSTE	БЕЛЫЙ	ВЬЕТНАМ	1	pics/745SMA015165T.jpg
RAPTOR HIGH SL	5394	DIADORA	СЕРЫЙ	КИТАЙ	1	pics/DR101178324C2100.jpg
CLUB C FORM HI	9099	REEBOK	ЧЕРНЫЙ	ВЬЕТНАМ	3	pics/RBFZ6029R00.jpg
Walker GZ	3983	ANTA	БЕЖЕВЫЙ	КИТАЙ	1	pics/AN8123288161.jpg
AIR MAX SC	14693	NIKE	РАЗНОЦВЕТНЫЙ	ИНДОНЕЗИЯ	1	pics/NKCW4555006.jpg
A-JELLY	4683	ANTA	ЧЕРНЫЙ	КИТАЙ	1	pics/AN8123255423.jpg
POSTMOVE MID	5995	ADIDAS	БЕЛЫЙ	ИНДОНЕЗИЯ	1	pics/ADNGW5525R00.jpg
BB 4000 II	8399	REEBOK	РАЗНОЦВЕТНЫЙ	ВЬЕТНАМ	1	pics/RBIG4791R00.jpg
POSTMOVE MID	7990	ADIDAS	БЕЖЕВЫЙ	ИНДОНЕЗИЯ	2	pics/ADNGW2907R00.jpg
Street Play GZ	4552	ANTA	БЕЖЕВЫЙ	КИТАЙ	1	pics/AN8123280183.jpg
CERVINO KNIT TRAINERS	8580	ECOALF	СИНИЙ	КИТАЙ	2	pics/EASHSNCERVI0YR7MS23163.jpg
Slipstream Always On	11192	PUMA	РАЗНОЦВЕТНЫЙ	КИТАЙ	1	pics/PM39005902.jpg
CLUB C FORM HI	9099	REEBOK	БЕЖЕВЫЙ	ВЬЕТНАМ	2	pics/RBGZ2437R00.jpg
TURBO RESTYLE	6299	REEBOK	БЕЖЕВЫЙ	ВЬЕТНАМ	1	pics/RBGZ2397R00.jpg
TURBO RESTYLE	5399	REEBOK	СЕРЫЙ	ВЬЕТНАМ	1	pics/RBGZ2396R00.jpg
Heritage 80	4794	ANTA	БЕЖЕВЫЙ	КИТАЙ	1	pics/AN8123288711.jpg
Millennium 6.0	6573	ANTA	РАЗНОЦВЕТНЫЙ	КИТАЙ	1	pics/AN81232889011.jpg
A-EBUFFER PRO	5523	ANTA	ГОЛУБОЙ	КИТАЙ	2	pics/AN8123277111.jpg
CLASSIC LEATHER	4800	REEBOK	БЕЛЫЙ	ВЬЕТНАМ	9	pics/RBGY0952R00.jpg
BB 4000 II	9599	REEBOK	БЕЛЫЙ	ВЬЕТНАМ	4	pics/RBIG4788R00.jpg
RAPTOR LOW SL	4974	DIADORA	СЕРЫЙ	КИТАЙ	2	pics/DR101178325C2100.jpg
GRAND COURT BASE	5999	ADIDAS	БЕЛЫЙ	КАМБОДЖА	1	pics/ADNEE7901R00.jpg
LT 125 123 1 SMA	23980	LACOSTE	БЕЖЕВЫЙ	КИТАЙ	2	pics/745SMA003465T.jpg
574	12990	NEW BALANCE	СИНИЙ	ВЬЕТНАМ	4	pics/NBNML574PK2.jpg
BB 4000 II	9599	REEBOK	КОРИЧНЕВЫЙ	ВЬЕТНАМ	3	pics/RBIG4742R00.jpg
Rising waves 3.0	5593	ANTA	БЕЖЕВЫЙ	КИТАЙ	1	pics/AN8123280522.jpg
TRC Blaze Court	9443	PUMA	ГОЛУБОЙ	ВЬЕТНАМ	2	pics/PM37658208.jpg
CLASSIC LEATHER	5996	REEBOK	ЧЕРНЫЙ	ВЬЕТНАМ	6	pics/RBGY0954R00.jpg
COMFORT	4990	ANTA	ЧЕРНЫЙ	КИТАЙ	4	pics/AN8124155206.jpg
AOJIE	5990	ANTA	СЕРЫЙ	КИТАЙ	3	pics/AN8124180401.jpg
NEPTUNE	2000	ETONIC	РАЗНОЦВЕТНЫЙ	КИТАЙ	4	pics/ETM412E5001.jpg
MYTHOS BLUSHIELD VOLO 4 2030	9996	DIADORA	БЕЛЫЙ	КИТАЙ	1	pics/DR101180227D0873.jpg
PLUS RUN	2320	ETONIC	КОРИЧНЕВЫЙ	КИТАЙ	5	pics/ETM412E7004.jpg
Air Max 95 Alabaster	21990	NIKE	ЖЕЛТЫЙ	ИНДОНЕЗИЯ	2	pics/NKFD9857700.jpg
STABLE BASE	7839	ETONIC	СИНИЙ	КИТАЙ	3	pics/ETM32360004.jpg
STREET PLAY	6990	ANTA	ЧЕРНЫЙ	КИТАЙ	2	pics/AN8124180512.jpg
AOJIE	5990	ANTA	БЕЖЕВЫЙ	КИТАЙ	1	pics/AN8124180407.jpg
STABLE BASE	6860	ETONIC	ЗЕЛЕНЫЙ	КИТАЙ	5	pics/ETM32360003.jpg
Dunk Low Mini Swoosh	19990	NIKE	ЧЕРНЫЙ	ВЬЕТНАМ	5	pics/NKFN7808001.jpg
WUYI	6990	ANTA	ЧЕРНЫЙ	КИТАЙ	2	pics/AN8124155314.jpg
L003 ACTIVE RUNWAY 124 1 SMA	20986	LACOSTE	СИНИЙ	КИТАЙ	2	pics/747SMA0011NV1.jpg
ZOOM VOMERO 5	21990	NIKE	ЧЕРНЫЙ	КИТАЙ	1	pics/NKFN3420200.jpg
STABLE BASE	3920	ETONIC	КОРИЧНЕВЫЙ	КИТАЙ	4	pics/ETM413E0002.jpg
STREET PLAY	7990	ANTA	ЧЕРНЫЙ	КИТАЙ	3	pics/AN81241805110.jpg
PR 538	3320	ETONIC	БЕЖЕВЫЙ	КИТАЙ	4	pics/ETM415E1101.jpg
Dunk Low Black Opti Yellow	19990	NIKE	ЧЕРНЫЙ	ИНДОНЕЗИЯ	9	pics/NKFQ2431001.jpg
WUYI	3316	ANTA	КОРИЧНЕВЫЙ	КИТАЙ	5	pics/AN8124155317.jpg
PR 538	3320	ETONIC	БЕЖЕВЫЙ	КИТАЙ	5	pics/ETM415E1001.jpg
L003 ACTIVE RUNWAY 123 1 SMA	20986	LACOSTE	БЕЖЕВЫЙ	КИТАЙ	1	pics/745SMA000218C.jpg
N.92 ADVANCE	5595	DIADORA	СЕРЫЙ	ВЬЕТНАМ	3	pics/DR10117804275166.jpg
PLUS RUN	2320	ETONIC	СЕРЫЙ	КИТАЙ	5	pics/ETM412E7001.jpg
AOJIE	5990	ANTA	ЗЕЛЕНЫЙ	КИТАЙ	2	pics/AN8124180403.jpg
COMFORT	3195	ANTA	ЧЕРНЫЙ	КИТАЙ	5	pics/AN8124155204.jpg
L003 ACTIVE RUNWAY 124 1 SMA	20986	LACOSTE	БОРДОВЫЙ	КИТАЙ	1	pics/747SMA0011BP8.jpg
AIR FORCE 1 '07 LOW SINCE 1982	19990	NIKE	БЕЛЫЙ	ВЬЕТНАМ	1	pics/NKFJ4823100.jpg
COMFORT	2556	ANTA	СЕРЫЙ	КИТАЙ	3	pics/AN8124155205.jpg
Fashion Worship 5.0	3745	ANTA	БЕЖЕВЫЙ	КИТАЙ	5	pics/AN8124188407.jpg
Slipstream Cordura II	12990	PUMA	ЧЕРНЫЙ	КИТАЙ	3	pics/PM39251002.jpg
LEBRON 20 UNINTERRUPTED SPEAK YOUR TRUTH	19990	NIKE	ЧЕРНЫЙ	ВЬЕТНАМ	1	pics/NKFN0941001.jpg
CLASSIC LEATHER CLIP	8990	REEBOK	ЧЕРНЫЙ	ВЬЕТНАМ	2	pics/RB100074395R00.jpg
CLASSIC LEATHER CLIP	8399	REEBOK	БЕЛЫЙ	ВЬЕТНАМ	3	pics/RB100074394R00.jpg
ZOOMX INVINCIBLE RUN FLYKNIT	15990	NIKE	БЕЖЕВЫЙ	ВЬЕТНАМ	3	pics/NKDJ5450001.jpg
LT COURT	7199	REEBOK	БЕЖЕВЫЙ	КИТАЙ	3	pics/RB100074275R00.jpg
LT COURT	6990	REEBOK	БЕЖЕВЫЙ	КИТАЙ	4	pics/RB100074274R00.jpg
JAPAN S PF	7693	ASICS	БЕЛЫЙ	КАМБОДЖА	4	pics/AS1202A024107.jpg
BB 4000 II	7990	REEBOK	БЕЛЫЙ	ВЬЕТНАМ	6	pics/RB100033316R00.jpg
CLUB C BULC	8990	REEBOK	ЧЕРНЫЙ	ВЬЕТНАМ	5	pics/RB100033925R00.jpg
CLASSIC LEATHER	8400	REEBOK	КРАСНЫЙ	ВЬЕТНАМ	2	pics/RB100075298R00.jpg
BB 4000 II MID	7000	REEBOK	ЧЕРНЫЙ	ВЬЕТНАМ	10	pics/RB100074741R00.jpg
CLASSIC LEATHER	8990	REEBOK	БЕЖЕВЫЙ	ВЬЕТНАМ	2	pics/RB100074286R00.jpg
HTS SHADOW RGS	7996	HI-TEC	БЕЖЕВЫЙ	КИТАЙ	2	pics/HTK010002011.jpg
HTS SHADOW RGS	11994	HI-TEC	БЕЖЕВЫЙ	КИТАЙ	1	pics/HTK010002115.jpg
L001 124 6 SMA	9990	LACOSTE	ЗЕЛЕНЫЙ	ВЬЕТНАМ	5	pics/747SMA00571R5.jpg
CLASSIC LEATHER	8400	REEBOK	СИНИЙ	ВЬЕТНАМ	2	pics/RB100075297R00.jpg
REVOLUTION 6	8990	NIKE	ЧЕРНЫЙ	КИТАЙ	3	pics/NKDC3728001.jpg
CLASSIC LEATHER	8990	REEBOK	БЕЛЫЙ	ВЬЕТНАМ	6	pics/RB100202344R00.jpg
AIR ALPHA FORCE 88 X BILLIE EILISH	19990	NIKE	БЕЛЫЙ	ВЬЕТНАМ	3	pics/NKDZ6763101.jpg
HTS MAGNUM	6796	HI-TEC	БЕЖЕВЫЙ	КИТАЙ	2	pics/HTK010026011.jpg
KK Hood Runner TT	18990	KARL KANI	БЕЛЫЙ	КИТАЙ	1	pics/KKKKFWM000297R00.jpg
CLASSIC LEATHER	8990	REEBOK	КОРИЧНЕВЫЙ	ВЬЕТНАМ	5	pics/RB100074285R00.jpg
CLUB C BULC	8990	REEBOK	БЕЛЫЙ	ВЬЕТНАМ	4	pics/RB100033926R00.jpg
JAPAN S	11990	ASICS	БЕЛЫЙ	КАМБОДЖА	2	pics/AS1191A328104.jpg
HTS SHADOW RGS	11994	HI-TEC	БЕЖЕВЫЙ	КИТАЙ	2	pics/HTK006273051.jpg
Slipstream Cordura II	11193	PUMA	СЕРЫЙ	КИТАЙ	5	pics/PM39251001.jpg
BB 4000 II	7990	REEBOK	ЧЕРНЫЙ	ВЬЕТНАМ	6	pics/RB100033315R00.jpg
THE BLAST	11899	REEBOK	РАЗНОЦВЕТНЫЙ	ВЬЕТНАМ	2	pics/RB101520210R00.jpg
DAD SHOES	5890	ANTA	ЧЕРНЫЙ	КИТАЙ	1	pics/AN8123388123.jpg
HEXALITE LEGACY 1.5	13999	REEBOK	СЕРЫЙ	ВЬЕТНАМ	1	pics/RB101553674R00.jpg
LX2200	11199	REEBOK	ЧЕРНЫЙ	?	3	pics/RB101520270R00.jpg
CLUB C REVENGE VINTAGE	13499	REEBOK	БЕЖЕВЫЙ	ВЬЕТНАМ	1	pics/RB101553539R00.jpg
CLASSIC LEATHER	10799	REEBOK	СЕРЫЙ	ВЬЕТНАМ	4	pics/RB101520233R00.jpg
EBUFFER 4	6990	ANTA	СЕРЫЙ	КИТАЙ	1	pics/AN8123377185.jpg
CLUB C REVENGE	4800	REEBOK	БЕЛЫЙ	ВЬЕТНАМ	5	pics/RB101553490R00.jpg
CLASSIC LEATHER	10799	REEBOK	ЧЕРНЫЙ	ВЬЕТНАМ	5	pics/RB101520089R00.jpg
500	10392	NEW BALANCE	СЕРЫЙ	ВЬЕТНАМ	1	pics/NBGM500VW2.jpg
Millennium-Glacier	9790	ANTA	СЕРЫЙ	КИТАЙ	1	pics/AN8123388811.jpg
500	12990	NEW BALANCE	СЕРЫЙ	ВЬЕТНАМ	1	pics/NBGM500DGR.jpg
EBUFFER 4	6990	ANTA	ЧЕРНЫЙ	КИТАЙ	1	pics/AN8123377184.jpg
Millennium-Glacier	7832	ANTA	СИНИЙ	КИТАЙ	1	pics/AN8123388812.jpg
500	12990	NEW BALANCE	БОРДОВЫЙ	ВЬЕТНАМ	1	pics/NBGM500BUS.jpg
500	9990	NEW BALANCE	СЕРЫЙ	ВЬЕТНАМ	1	pics/NBGM500HA2.jpg
CLUB C REVENGE	8990	REEBOK	БЕЛЫЙ	ВЬЕТНАМ	3	pics/RBID9315R00.jpg
Millennium-Glacier	9790	ANTA	ЧЕРНЫЙ	КИТАЙ	1	pics/AN8123388813.jpg
500	9093	NEW BALANCE	СИНИЙ	ВЬЕТНАМ	1	pics/NBGM500BLG.jpg
CLASSIC LEATHER MID	16999	REEBOK	ЧЕРНЫЙ	ВЬЕТНАМ	2	pics/RB101520134R00.jpg
500	10392	NEW BALANCE	ЧЕРНЫЙ	ВЬЕТНАМ	1	pics/NBGM500BKG.jpg
HEXALITE LEGACY 1.5	12599	REEBOK	РАЗНОЦВЕТНЫЙ	ВЬЕТНАМ	2	pics/RB101553514R00.jpg
500	9990	NEW BALANCE	СИНИЙ	ВЬЕТНАМ	1	pics/NBGM500HB2.jpg
CLASSIC LEATHER HEXALITE +	19999	REEBOK	СИНИЙ	ВЬЕТНАМ	1	pics/RB101558427R00.jpg
CLUB C REVENGE	4800	REEBOK	БЕЛЫЙ	ВЬЕТНАМ	4	pics/RB101553493R00.jpg
CLASSIC LEATHER HEXALITE +	8399	REEBOK	ЧЕРНЫЙ	ВЬЕТНАМ	1	pics/RB101553541R00.jpg
500	9990	NEW BALANCE	СЕРЫЙ	ВЬЕТНАМ	2	pics/NBGM500HD2.jpg
HEXALITE LEGACY 1.5	8990	REEBOK	ЧЕРНЫЙ	ВЬЕТНАМ	2	pics/RB101553502R00.jpg
ZIG ENCORE	9990	REEBOK	РАЗНОЦВЕТНЫЙ	ВЬЕТНАМ	1	pics/RB101520189R00.jpg
Millennium-Glacier	6990	ANTA	ЧЕРНЫЙ	КИТАЙ	1	pics/AN8123388815.jpg
Slipstream Xtreme	12990	PUMA	БЕЖЕВЫЙ	КИТАЙ	4	pics/PM39479001.jpg
RS-X Efekt	10194	PUMA	БЕЖЕВЫЙ	ВЬЕТНАМ	4	pics/PM39381404.jpg
RS-X Efekt Speckle	14990	PUMA	ЧЕРНЫЙ	ВЬЕТНАМ	4	pics/PM39479101.jpg
Slipstream Hi Xtreme Cordura	15990	PUMA	ЧЕРНЫЙ	КИТАЙ	2	pics/PM39327201.jpg
RS-X Geek	14990	PUMA	ЧЕРНЫЙ	ВЬЕТНАМ	2	pics/PM39117411.jpg
373	10990	NEW BALANCE	ЧЕРНЫЙ	ИНДОНЕЗИЯ	6	pics/NBML373PC2.jpg
HENGDUAN	9390	ANTA	КОРИЧНЕВЫЙ	КИТАЙ	1	pics/AN8123455982.jpg
SNEAKERS	6290	UNITED 4	ЧЕРНЫЙ	ТУРЦИЯ	1	pics/UN001SYH.jpg
373	10990	NEW BALANCE	БЕЛЫЙ	ИНДОНЕЗИЯ	4	pics/NBML373PA2.jpg
RS-X Hi	14990	PUMA	ЧЕРНЫЙ	ВЬЕТНАМ	6	pics/PM39271801.jpg
CLASSIC LEATHER	8990	REEBOK	КОРИЧНЕВЫЙ	ВЬЕТНАМ	3	pics/RB101520234R00.jpg
CA Pro Mid	9793	PUMA	БЕЛЫЙ	КИТАЙ	1	pics/PM38675902.jpg
Slipstream Xtreme Cordura	10494	PUMA	СЕРЫЙ	КИТАЙ	2	pics/PM39326402.jpg
ROCKET 5.0	6573	ANTA	ЧЕРНЫЙ	КИТАЙ	3	pics/AN81234552311.jpg
RS-X Geek	10194	PUMA	РАЗНОЦВЕТНЫЙ	ВЬЕТНАМ	2	pics/PM39117410.jpg
Teveris Nitro Vortex	8394	PUMA	РОЗОВЫЙ	КИТАЙ	2	pics/PM39290903.jpg
CA Pro Mid Trail	8994	PUMA	ЧЕРНЫЙ	ВЬЕТНАМ	4	pics/PM39327801.jpg
RS-X Efekt Lux	8495	PUMA	КОРИЧНЕВЫЙ	ВЬЕТНАМ	5	pics/PM39315302.jpg
373	12593	NEW BALANCE	СИНИЙ	ИНДОНЕЗИЯ	3	pics/NBML373OC2.jpg
CA Pro Mid Trail	8994	PUMA	КОРИЧНЕВЫЙ	ВЬЕТНАМ	1	pics/PM39327802.jpg
CA Pro Mid	9793	PUMA	БЕЛЫЙ	КИТАЙ	1	pics/PM38675901.jpg
373	10990	NEW BALANCE	СЕРЫЙ	ИНДОНЕЗИЯ	4	pics/NBML373OA2.jpg
RS-X Hi	18990	PUMA	РАЗНОЦВЕТНЫЙ	ВЬЕТНАМ	4	pics/PM39271802.jpg
Teveris Nitro Vortex	9793	PUMA	ЧЕРНЫЙ	КИТАЙ	2	pics/PM39290901.jpg
HENGDUAN	3990	ANTA	ЧЕРНЫЙ	КИТАЙ	5	pics/AN8123455981.jpg
RS-X Efekt Lux	11893	PUMA	БЕЛЫЙ	ВЬЕТНАМ	6	pics/PM39315303.jpg
Teveris Nitro Space Explorer	13990	PUMA	ЧЕРНЫЙ	КИТАЙ	1	pics/PM39298102.jpg
RS-X Efekt Speckle	14990	PUMA	ЗЕЛЕНЫЙ	ВЬЕТНАМ	3	pics/PM39479103.jpg
500	9093	NEW BALANCE	СИНИЙ	ВЬЕТНАМ	1	pics/NBGM500VR1.jpg
RS-X Efekt RE:PLACE	14990	PUMA	КОРИЧНЕВЫЙ	ВЬЕТНАМ	1	pics/PM39272101.jpg
REEBOK ROYAL GLIDE MID	12999	REEBOK	ЧЕРНЫЙ	КИТАЙ	2	pics/RBGZ1436R00.jpg
OZELIA	13990	ADIDAS	БЕЖЕВЫЙ	ВЬЕТНАМ	5	pics/ADHP6356R00.jpg
CLUB C 85	13499	REEBOK	БЕЛЫЙ	ВЬЕТНАМ	1	pics/RBID9272R00.jpg
ZIG KINETICA 3	15999	REEBOK	БЕЖЕВЫЙ	ВЬЕТНАМ	1	pics/RBID1835R00.jpg
ZIG DYNAMICA 4	7199	REEBOK	ЧЕРНЫЙ	ВЬЕТНАМ	3	pics/RBIE4650R00.jpg
WILD RUN	7690	ANTA	ЧЕРНЫЙ	КИТАЙ	2	pics/AN8123355871.jpg
CLUB C REVENGE	9449	REEBOK	БЕЖЕВЫЙ	ВЬЕТНАМ	3	pics/RBID4908R00.jpg
L004 MID 223 2 CMA	13788	LACOSTE	КОРИЧНЕВЫЙ	ВЬЕТНАМ	1	pics/746CMA00202C3.jpg
BB 4000 II	8990	REEBOK	БЕЖЕВЫЙ	ВЬЕТНАМ	2	pics/RBID1522R00.jpg
ZIG KINETICA 3	11199	REEBOK	БЕЖЕВЫЙ	ВЬЕТНАМ	1	pics/RBIG2746R00.jpg
ZIG KINETICA 3	12799	REEBOK	СЕРЫЙ	ВЬЕТНАМ	1	pics/RBIG2747R00.jpg
L001 MID 223 2 SMA	9990	LACOSTE	ЗЕЛЕНЫЙ	ВЬЕТНАМ	2	pics/746SMA003112X.jpg
AT91	7512	ANTA	БЕЛЫЙ	КИТАЙ	1	pics/AN8123380712.jpg
WILD RUN	7690	ANTA	ЧЕРНЫЙ	КИТАЙ	2	pics/AN8123355873.jpg
QUESTION MID	16999	REEBOK	БЕЖЕВЫЙ	ВЬЕТНАМ	1	pics/RBIF4782R00.jpg
L001 223 10 SMA	16086	LACOSTE	ЗЕЛЕНЫЙ	ВЬЕТНАМ	1	pics/746SMA0061GG2.jpg
L001 223 10 SMA	16086	LACOSTE	ЧЕРНЫЙ	ВЬЕТНАМ	3	pics/746SMA006102H.jpg
WILD RUN	7690	ANTA	КОРИЧНЕВЫЙ	КИТАЙ	1	pics/AN8123355872.jpg
CLUB C 85	9449	REEBOK	БЕЛЫЙ	ВЬЕТНАМ	1	pics/RBID9223R00.jpg
L001 223 2 SMA	8990	LACOSTE	КОРИЧНЕВЫЙ	ВЬЕТНАМ	4	pics/746SMA0050257.jpg
ZIG KINETICA 3	11199	REEBOK	БЕЛЫЙ	ВЬЕТНАМ	1	pics/RBIG2748R00.jpg
REEBOK ROYAL GLIDE MID	9099	REEBOK	СИНИЙ	КИТАЙ	1	pics/RBGZ1438R00.jpg
L003 ACTIVE Runway 223 1 SFA	18186	LACOSTE	БЕЖЕВЫЙ	ВЬЕТНАМ	1	pics/746SMA0004WP2.jpg
ZIG DYNAMICA 4	9990	REEBOK	ЧЕРНЫЙ	ИНДОНЕЗИЯ	3	pics/RBHR0931R00.jpg
BB 4000 II	6200	REEBOK	БЕЛЫЙ	ВЬЕТНАМ	5	pics/RBID1521R00.jpg
CLUB C 85	8990	REEBOK	БЕЛЫЙ	ВЬЕТНАМ	3	pics/RBFZ6012R00.jpg
FORUM EXHIBIT	9000	ADIDAS	БЕЖЕВЫЙ	КИТАЙ	2	pics/ADHQ7099R00.jpg
ZIG ENCORE	8399	REEBOK	ЧЕРНЫЙ	ВЬЕТНАМ	2	pics/RBIF5530R00.jpg
WILD RUN	7690	ANTA	СЕРЫЙ	КИТАЙ	1	pics/AN8123355874.jpg
RS-X Efekt PRM	16990	PUMA	БЕЖЕВЫЙ	ВЬЕТНАМ	3	pics/PM39077602.jpg
L003 0722 1 SMA	11988	LACOSTE	БЕЛЫЙ	ВЬЕТНАМ	3	pics/743SMA006421G.jpg
L003 NEO 123 1 SMA	13788	LACOSTE	ЧЕРНЫЙ	ВЬЕТНАМ	7	pics/745SMA0001075.jpg
ULT-TRN WATERPROOF	10495	ECCO	ЧЕРНЫЙ	СЛОВАКИЯ	2	pics/EC82425451052.jpg
LINESHOT 223 3 SMA	13788	LACOSTE	РАЗНОЦВЕТНЫЙ	ТАИЛАНД	5	pics/746SMA00881R5.jpg
STREET 720 M GORE-TEX	8396	ECCO	БЕЛЫЙ	КИТАЙ	3	pics/EC52081401007.jpg
RAPTOR LOW	2457	DIADORA	БЕЛЫЙ	КИТАЙ	11	pics/DR101177704C0657.jpg
L-SPIN DELUXE 3.0 2232SMA	14686	LACOSTE	ЧЕРНЫЙ	ИНДОНЕЗИЯ	2	pics/746SMA0094421.jpg
RS-X Efekt PRM	11893	PUMA	РАЗНОЦВЕТНЫЙ	ВЬЕТНАМ	2	pics/PM39077604.jpg
GAME L LOW WAXED	6495	DIADORA	БЕЖЕВЫЙ	КИТАЙ	3	pics/DR501178301C6180.jpg
L001 MID 223 3 SMA	9990	LACOSTE	БЕЛЫЙ	ВЬЕТНАМ	5	pics/746SMA003221G.jpg
FORUM LOW	7990	ADIDAS	БЕЛЫЙ	КИТАЙ	13	pics/ADFY7755R00.jpg
L003 NEO 123 1 SMA	20980	LACOSTE	БЕЖЕВЫЙ	ВЬЕТНАМ	3	pics/745SMA00012G9.jpg
L003 0722 1 SMA	13986	LACOSTE	ЧЕРНЫЙ	ВЬЕТНАМ	5	pics/743SMA006402H.jpg
GAME L LOW WAXED	3990	DIADORA	БЕЖЕВЫЙ	КИТАЙ	9	pics/DR501178301C5147.jpg
ULT-TRN WATERPROOF	8396	ECCO	ЧЕРНЫЙ	СЛОВАКИЯ	4	pics/EC82425451866.jpg
LT 125 223 1 SMA	23980	LACOSTE	ЧЕРНЫЙ	ВЬЕТНАМ	5	pics/746SMA005502H.jpg
N.92 L	9990	DIADORA	БЕЛЫЙ	?	3	pics/DR101173744C0657.jpg
ELITE ACTIVE 223 1 SMA	17486	LACOSTE	БЕЖЕВЫЙ	ИНДОНЕЗИЯ	1	pics/746SMA0008WP2.jpg
RAPTOR LOW	4145	DIADORA	ЗЕЛЕНЫЙ	КИТАЙ	2	pics/DR101177704C0896.jpg
OZELIA	11990	ADIDAS	ЧЕРНЫЙ	ВЬЕТНАМ	9	pics/ADH04250R00.jpg
ELITE ACTIVE 223 1 SMA	24980	LACOSTE	БЕЖЕВЫЙ	ИНДОНЕЗИЯ	3	pics/746SMA00081R5.jpg
FORUM LOW	9990	ADIDAS	БЕЛЫЙ	КИТАЙ	11	pics/ADFY7756R00.jpg
FORUM	12990	ADIDAS	БЕЛЫЙ	КИТАЙ	7	pics/ADFY7757R00.jpg
N.92 L	9990	DIADORA	ЧЕРНЫЙ	?	5	pics/DR101173744C0200.jpg
STABLE BASE	7839	ETONIC	СЕРЫЙ	КИТАЙ	5	pics/ETM31361001.jpg
OZWEEGO	19990	ADIDAS	ЧЕРНЫЙ	?	9	pics/ADEE6999R00.jpg
STAN SMITH	9990	ADIDAS	БЕЛЫЙ	?	3	pics/ADFX5501R00.jpg
RS-X Efekt PRM	14990	PUMA	ЧЕРНЫЙ	ВЬЕТНАМ	8	pics/PM39077601.jpg
ULT-TRN WATERPROOF	7996	ECCO	РАЗНОЦВЕТНЫЙ	СЛОВАКИЯ	4	pics/EC82425456665.jpg
Teveris Nitro	11990	PUMA	СЕРЫЙ	КИТАЙ	1	pics/PM38877401.jpg
HUARACHE	18990	NIKE	БОРДОВЫЙ	КИТАЙ	1	pics/NKDQ8584600.jpg
Air Jordan 2 Retro	21990	NIKE	БЕЛЫЙ	ВЬЕТНАМ	3	pics/NKDQ0558160.jpg
Zoom LeBron 3 «Barbershop»	26990	NIKE	ЧЕРНЫЙ	ВЬЕТНАМ	1	pics/NKDO9354001.jpg
RACE NYL	6495	DIADORA	ГОЛУБОЙ	КИТАЙ	4	pics/DR501179775D0405.jpg
FLOW	6590	ANTA	ЧЕРНЫЙ	КИТАЙ	1	pics/AN8123355586.jpg
AT954	5752	ANTA	ЧЕРНЫЙ	КИТАЙ	1	pics/AN8123388942.jpg
L-GUARD BREAKER 223 2 SMA	24980	LACOSTE	ЧЕРНЫЙ	ВЬЕТНАМ	1	pics/746SMA0084237.jpg
EAGLE 6	2996	DIADORA	СИНИЙ	КИТАЙ	1	pics/DR101179547C9625.jpg
L-GUARD BREAKER 223 2 SMA	14990	LACOSTE	БОРДОВЫЙ	ВЬЕТНАМ	4	pics/746SMA0083BG8.jpg
DUNK High Undercover Chaos Black	16093	NIKE	ЧЕРНЫЙ	КИТАЙ	3	pics/NKDQ4121001.jpg
EBUFFER4 PRO	8490	ANTA	ЧЕРНЫЙ	КИТАЙ	1	pics/AN8123377114.jpg
Teveris Nitro Noughties	11990	PUMA	ЧЕРНЫЙ	КИТАЙ	2	pics/PM38892007.jpg
N9002	11994	DIADORA	РАЗНОЦВЕТНЫЙ	КИТАЙ	1	pics/DR501173073C0331.jpg
L-GUARD BREAKER 223 2 SMA	24980	LACOSTE	БЕЖЕВЫЙ	ВЬЕТНАМ	3	pics/746SMA008418C.jpg
V7000  WINTER	11394	DIADORA	ЗЕЛЕНЫЙ	КИТАЙ	2	pics/DR501179722C4014.jpg
AT91	7512	ANTA	РАЗНОЦВЕТНЫЙ	КИТАЙ	1	pics/AN8123380713.jpg
ACE CLIP 223 4	17486	LACOSTE	СИНИЙ	ВЬЕТНАМ	2	pics/746SMA0108J18.jpg
L-SPIN DELUXE 223 2 SMA	16188	LACOSTE	БОРДОВЫЙ	ВЬЕТНАМ	1	pics/746SMA00981W7.jpg
NIZZA TREK	3897	ADIDAS	ЧЕРНЫЙ	ВЬЕТНАМ	1	pics/ADHQ7103R00.jpg
L-GUARD BREAKER 223 2 SMA	14990	LACOSTE	БЕЖЕВЫЙ	ВЬЕТНАМ	1	pics/746SMA0083042.jpg
DUNK High Undercover Chaos Black	16093	NIKE	ЧЕРНЫЙ	КИТАЙ	3	pics/NKDQ41211KJ.jpg
EAGLE 6	2996	DIADORA	СЕРЫЙ	КИТАЙ	3	pics/DR101179547C2763.jpg
JORDAN 1 MID	27990	NIKE	РАЗНОЦВЕТНЫЙ	ВЬЕТНАМ	1	pics/NKBQ6472079.jpg
L-GUARD BREAKER 223 2 SMA	14990	LACOSTE	КОРИЧНЕВЫЙ	ВЬЕТНАМ	1	pics/746SMA0102PN4.jpg
ACE CLIP 223 4	17486	LACOSTE	БЕЖЕВЫЙ	ВЬЕТНАМ	2	pics/746SMA01081Y5.jpg
BLAZER MID PRO CLUB	18990	NIKE	СЕРЫЙ	ВЬЕТНАМ	3	pics/NKDQ7673104.jpg
Shuffle	5593	PUMA	БЕЛЫЙ	КИТАЙ	4	pics/PM38015006.jpg
Dunk Low Retro	18990	NIKE	ЗЕЛЕНЫЙ	ИНДОНЕЗИЯ	2	pics/NKDV0833101.jpg
SNEAKERS	6290	UNITED 4	БЕЛЫЙ	ТУРЦИЯ	?	pics/UN001BYY.jpg
SNEAKERS	6290	UNITED 4	БЕЛЫЙ	ТУРЦИЯ	1	pics/UN001BYL.jpg
Teveris Nitro Space Explorer	9793	PUMA	РАЗНОЦВЕТНЫЙ	КИТАЙ	2	pics/PM39298101.jpg
ACE RUNNER	19592	EA7	СЕРЫЙ	КИТАЙ	2	pics/EA7X8X070XK165T578.jpg
EQUIPE SESTRIERE-XT	9196	DIADORA	БЕЛЫЙ	КИТАЙ	7	pics/DR101179551C6103.jpg
SNEAKERS	6290	UNITED 4	БЕЛЫЙ	ТУРЦИЯ	1	pics/UN001BYK.jpg
L001 123 7 SMA	8990	LACOSTE	БЕЛЫЙ	ВЬЕТНАМ	9	pics/745SMA0126147.jpg
SNEAKERS	3596	UNITED 4	БЕЛЫЙ	ТУРЦИЯ	1	pics/UN001BYG.jpg
PASSO 3	7194	DIADORA	ЧЕРНЫЙ	ВЬЕТНАМ	1	pics/DR101179546C0787.jpg
EQUIPE SESTRIERE-XT	9196	DIADORA	БЕЖЕВЫЙ	КИТАЙ	1	pics/DR101179551D0868.jpg
SNEAKERS	3596	UNITED 4	БЕЛЫЙ	ТУРЦИЯ	1	pics/UN001BYR.jpg
SNEAKERS	6290	UNITED 4	БЕЛЫЙ	ТУРЦИЯ	1	pics/UN001BYS.jpg
RS-X Efekt Lux	11893	PUMA	СЕРЫЙ	ВЬЕТНАМ	1	pics/PM39315301.jpg
SUPERSTAR	11990	ADIDAS	БЕЛЫЙ	ИНДОНЕЗИЯ	12	pics/ADNC77124R00.jpg
SNEAKERS	6290	UNITED 4	БЕЛЫЙ	ТУРЦИЯ	?	pics/UN001BYP.jpg
New Basket	19593	EA7	ЧЕРНЫЙ	ИНДОНЕЗИЯ	1	pics/EA7X8Z039XK331M701.jpg
SUPERSTAR	12990	ADIDAS	ЧЕРНЫЙ	ИНДОНЕЗИЯ	4	pics/ADEG4959R00.jpg
Blazer Mid '77 Vintage	18990	NIKE	БЕЛЫЙ	ИНДИЯ	3	pics/NKBQ6806100.jpg
NITE JOGGER	8495	ADIDAS	РАЗНОЦВЕТНЫЙ	КИТАЙ	4	pics/ADNEF2810R00.jpg
RS-X Hi	8546	PUMA	ЧЕРНЫЙ	ВЬЕТНАМ	11	pics/PM39271805.jpg
SNEAKERS	6290	UNITED 4	БЕЛЫЙ	ТУРЦИЯ	1	pics/UN001BYZ.jpg
RS-X Suede	9990	PUMA	КОРИЧНЕВЫЙ	ВЬЕТНАМ	7	pics/PM39117612.jpg
SNEAKERS	6290	UNITED 4	КОРИЧНЕВЫЙ	ТУРЦИЯ	1	pics/UN001KHV.jpg
MAGIC BASKET	4290	DIADORA	РАЗНОЦВЕТНЫЙ	КИТАЙ	6	pics/DR501178565C1161.jpg
SNEAKERS	6290	UNITED 4	БЕЛЫЙ	ТУРЦИЯ	1	pics/UN001BYB.jpg
574	13990	NEW BALANCE	ЧЕРНЫЙ	ВЬЕТНАМ	4	pics/NBU574BGF.jpg
Air Force 1 Low Retro	12594	NIKE	ЧЕРНЫЙ	ВЬЕТНАМ	1	pics/NKFN5924001.jpg
THE BLAST	9990	REEBOK	ЧЕРНЫЙ	ВЬЕТНАМ	2	pics/RB101520211R00.jpg
BASESHOT 223 3 SMA	10188	LACOSTE	СИНИЙ	ВЬЕТНАМ	3	pics/746SMA0078J18.jpg
AIR MAX EXCEE	11495	NIKE	ЧЕРНЫЙ	ВЬЕТНАМ	5	pics/NKDB2839001.jpg
7.0 TESTUGGINE WINTE	17994	EA7	ЧЕРНЫЙ	ИНДОНЕЗИЯ	8	pics/EA7X8Z043XK362M700.jpg
7.0 TESTUGGINE WINTE	17994	EA7	БЕЖЕВЫЙ	ИНДОНЕЗИЯ	3	pics/EA7X8Z043XK362S834.jpg
BLAZER MID PRO CLUB	13713	NIKE	РАЗНОЦВЕТНЫЙ	ВЬЕТНАМ	2	pics/NKDQ7673001.jpg
500	9093	NEW BALANCE	ЧЕРНЫЙ	ВЬЕТНАМ	1	pics/NBGM500SO1.jpg
AIR FLIGHT 89	16793	NIKE	ЧЕРНЫЙ	ИНДОНЕЗИЯ	3	pics/NKCU4833015.jpg
REACT PEGASUS TRAIL 4 GORE-TEX	22392	NIKE	РАЗНОЦВЕТНЫЙ	ИНДИЯ	1	pics/NKDJ7926100.jpg
RENEW RIDE 3	11672	NIKE	ЧЕРНЫЙ	ВЬЕТНАМ	1	pics/NKDC8185004.jpg
TANJUN	7990	NIKE	ЧЕРНЫЙ	БАНГЛАДЕШ	2	pics/NKDJ6258001.jpg
PRECISION 6	9793	NIKE	ЧЕРНЫЙ	КАМБОДЖА	3	pics/NKDD9535003.jpg
QUEST 5	14590	NIKE	ЧЕРНЫЙ	ИНДИЯ	1	pics/NKDD0204006.jpg
WAFFLE ONE	11754	NIKE	ЧЕРНЫЙ	ИНДОНЕЗИЯ	5	pics/NKDA7995001.jpg
CLUB C MID II REVENGE	12999	REEBOK	КОРИЧНЕВЫЙ	ВЬЕТНАМ	2	pics/RB101553592R00.jpg
N9000 ITALIA	17495	DIADORA	БЕЖЕВЫЙ	ИТАЛИЯ	2	pics/DR201179033D0333.jpg
SPORTY RUNNER	7995	CALVIN KLEIN	БЕЛЫЙ	КИТАЙ	5	pics/CKYM0YM00437YAF.jpg
REACT PEGASUS TRAIL 4	16990	NIKE	ЖЕЛТЫЙ	ВЬЕТНАМ	2	pics/NKDJ6158700.jpg
RUN FLOW	8990	NIKE	ЧЕРНЫЙ	ВЬЕТНАМ	3	pics/NKDR0472001.jpg
N9000 SICILIA ITALIA	20994	DIADORA	РАЗНОЦВЕТНЫЙ	ИТАЛИЯ	5	pics/DR20117967940040.jpg
CLASSIC LEATHER MID	8400	REEBOK	ЧЕРНЫЙ	ВЬЕТНАМ	4	pics/RB101520129R00.jpg
BLAZER MID PRO CLUB	18990	NIKE	БЕЛЫЙ	ВЬЕТНАМ	1	pics/NKDQ7673100.jpg
CLUB C MID II REVENGE	8990	REEBOK	БЕЖЕВЫЙ	ВЬЕТНАМ	1	pics/RB101553617R00.jpg
TANJUN	7990	NIKE	ЧЕРНЫЙ	БАНГЛАДЕШ	2	pics/NKDJ6258003.jpg
RUN SWIFT 3	8990	NIKE	ЧЕРНЫЙ	ВЬЕТНАМ	2	pics/NKDR2695003.jpg
AIR MAX AP	22990	NIKE	БЕЛЫЙ	ВЬЕТНАМ	4	pics/NKCU4826100.jpg
FORUM MID	7200	ADIDAS	БЕЛЫЙ	КИТАЙ	1	pics/ADFY4976R00.jpg
AIR MAX EXCEE	13794	NIKE	ЧЕРНЫЙ	ВЬЕТНАМ	7	pics/NKDB2839002.jpg
ZIG ENCORE	11199	REEBOK	ЧЕРНЫЙ	ВЬЕТНАМ	1	pics/RB101519975R00.jpg
DOWNSHIFTER 12	7990	NIKE	ЧЕРНЫЙ	ВЬЕТНАМ	6	pics/NKDD9293001.jpg
Rebound v6	9490	PUMA	ЧЕРНЫЙ	КИТАЙ	1	pics/PM39232603.jpg
Rebound LayUp SL	7990	PUMA	БЕЖЕВЫЙ	КИТАЙ	4	pics/PM36957330.jpg
N9000 ALPINA ITALIA	24493	DIADORA	РАЗНОЦВЕТНЫЙ	ИТАЛИЯ	4	pics/DR20117976370312.jpg
LINESHOT 124 3 SMA	13788	LACOSTE	БЕЖЕВЫЙ	ТАИЛАНД	6	pics/747SMA01112R2.jpg
REVOLUTION 6	8990	NIKE	ЗЕЛЕНЫЙ	КИТАЙ	2	pics/NKDC3728004.jpg
RS-X 3D	11893	PUMA	ЧЕРНЫЙ	ВЬЕТНАМ	3	pics/PM39002507.jpg
Rebound LayUp SL	7990	PUMA	БОРДОВЫЙ	КИТАЙ	3	pics/PM36957337.jpg
REVOLUTION 6	8990	NIKE	ЧЕРНЫЙ	КИТАЙ	5	pics/NKDC3728003.jpg
RS-X Efekt PRM	14990	PUMA	БЕЖЕВЫЙ	ВЬЕТНАМ	2	pics/PM39077612.jpg
ACELINE 124 1 SMA	14388	LACOSTE	ЧЕРНЫЙ	ВЬЕТНАМ	8	pics/747SMA007502H.jpg
Rebound v6	9490	PUMA	РАЗНОЦВЕТНЫЙ	КИТАЙ	2	pics/PM39232604.jpg
Classic CC	13993	EA7	ЧЕРНЫЙ	ИНДОНЕЗИЯ	4	pics/EA7X8X001XCC5100002.jpg
Caven 2.0	5943	PUMA	РАЗНОЦВЕТНЫЙ	КИТАЙ	1	pics/PM39229007.jpg
Rebound LayUp SL	7990	PUMA	СИНИЙ	КИТАЙ	4	pics/PM36957336.jpg
ACELINE 96 124 1 SMA	9990	LACOSTE	БЕЖЕВЫЙ	ТАИЛАНД	2	pics/747SMA003618C.jpg
RS-X Efekt PRM	14990	PUMA	КОРИЧНЕВЫЙ	ВЬЕТНАМ	1	pics/PM39077609.jpg
RS-X Elevated Hike	14990	PUMA	ЧЕРНЫЙ	ВЬЕТНАМ	1	pics/PM39018605.jpg
RS-X Efekt PRM	14990	PUMA	РАЗНОЦВЕТНЫЙ	ВЬЕТНАМ	6	pics/PM39077610.jpg
Classic CC	13993	EA7	БЕЛЫЙ	ИНДОНЕЗИЯ	2	pics/EA7X8X001XCC5100001.jpg
KK Hood Runner	18990	KARL KANI	БЕЛЫЙ	КИТАЙ	2	pics/KKKKFWM000263R00.jpg
ENGLISH	18193	EA7	БЕЛЫЙ	ИНДОНЕЗИЯ	1	pics/EA7X8X027XK05000175.jpg
Caven 2.0	5990	PUMA	ЧЕРНЫЙ	КИТАЙ	4	pics/PM39229004.jpg
Caven 2.0	5990	PUMA	РАЗНОЦВЕТНЫЙ	КИТАЙ	1	pics/PM39229005.jpg
RS-X Elevated Hike	14990	PUMA	БЕЖЕВЫЙ	ВЬЕТНАМ	3	pics/PM39018604.jpg
ENGLISH	18193	EA7	СЕРЫЙ	ИНДОНЕЗИЯ	1	pics/EA7X8X027XK050B003.jpg
Rebound LayUp SL	6293	PUMA	РАЗНОЦВЕТНЫЙ	КИТАЙ	2	pics/PM36957329.jpg
L001 124 3 SMA	18980	LACOSTE	БЕЖЕВЫЙ	ВЬЕТНАМ	1	pics/747SMA00542B7.jpg
Caven 2.0	5990	PUMA	БЕЛЫЙ	КИТАЙ	6	pics/PM39229002.jpg
ENGLISH	18193	EA7	ЧЕРНЫЙ	ИНДОНЕЗИЯ	4	pics/EA7X8X027XK050A120.jpg
Caven 2.0	5990	PUMA	БЕЛЫЙ	КИТАЙ	4	pics/PM39229003.jpg
4DFWD 2	11996	ADIDAS	ЧЕРНЫЙ	ВЬЕТНАМ	2	pics/ADGX9266R00.jpg
ACE CLIP 223 3 SMA	16086	LACOSTE	СЕРЫЙ	ВЬЕТНАМ	1	pics/746SMA0103421.jpg
SUPERSTAR	7990	ADIDAS	БЕЛЫЙ	ИНДОНЕЗИЯ	4	pics/ADGY2565R00.jpg
574	12990	NEW BALANCE	РАЗНОЦВЕТНЫЙ	ВЬЕТНАМ	3	pics/NBU574SV2.jpg
410	9990	NEW BALANCE	ЧЕРНЫЙ	ИНДОНЕЗИЯ	2	pics/NBMT410HP7.jpg
4DFWD 2	11996	ADIDAS	ЧЕРНЫЙ	ВЬЕТНАМ	1	pics/ADGX9249R00.jpg
520	9990	NEW BALANCE	ЧЕРНЫЙ	ИНДОНЕЗИЯ	2	pics/NBM520LR8.jpg
4DFWD X PARLEY	11996	ADIDAS	ФИОЛЕТОВЫЙ	ВЬЕТНАМ	1	pics/ADGX9806R00.jpg
COURT CAGE 223 1 SMA	11886	LACOSTE	КОРИЧНЕВЫЙ	ТАИЛАНД	1	pics/746SMA0043257.jpg
411	9990	NEW BALANCE	ЧЕРНЫЙ	ВЬЕТНАМ	2	pics/NBM411LK3.jpg
574	16792	NEW BALANCE	СИНИЙ	ВЬЕТНАМ	2	pics/NBU574RA2.jpg
L-SPIN 223 1 SMA	12586	LACOSTE	БЕЖЕВЫЙ	ВЬЕТНАМ	1	pics/746SMA0005WN1.jpg
410	9990	NEW BALANCE	СЕРЫЙ	ИНДОНЕЗИЯ	2	pics/NBMT410TO7.jpg
L-SPIN 123 1 SMA	10788	LACOSTE	БЕЖЕВЫЙ	ВЬЕТНАМ	1	pics/745SMA00031R5.jpg
MARIS	9990	NEW BALANCE	ЧЕРНЫЙ	ИНДОНЕЗИЯ	3	pics/NBMARISFK4.jpg
500	12990	NEW BALANCE	СЕРЫЙ	ВЬЕТНАМ	1	pics/NBGM500WG2.jpg
OZELIA	8995	ADIDAS	РАЗНОЦВЕТНЫЙ	ВЬЕТНАМ	3	pics/ADHP2857R00.jpg
4DFWD 2	11996	ADIDAS	БЕЛЫЙ	ВЬЕТНАМ	4	pics/ADGX9247R00.jpg
373	17990	NEW BALANCE	СИНИЙ	ИНДОНЕЗИЯ	1	pics/NBML373RT2.jpg
NMD_R1	7996	ADIDAS	БЕЛЫЙ	ВЬЕТНАМ	4	pics/ADGZ9260R00.jpg
PLRBOOST	9596	ADIDAS	СЕРЫЙ	ИНДОНЕЗИЯ	1	pics/ADHP3144R00.jpg
373	17990	NEW BALANCE	СЕРЫЙ	ИНДОНЕЗИЯ	1	pics/NBML373BU2.jpg
PLRBOOST	9596	ADIDAS	РАЗНОЦВЕТНЫЙ	ИНДОНЕЗИЯ	1	pics/ADHP3132R00.jpg
520	9990	NEW BALANCE	ЧЕРНЫЙ	ИНДОНЕЗИЯ	1	pics/NBM520LB8.jpg
411	9990	NEW BALANCE	ЧЕРНЫЙ	ВЬЕТНАМ	2	pics/NBM411LB3.jpg
500	12990	NEW BALANCE	ЧЕРНЫЙ	ВЬЕТНАМ	2	pics/NBGM500WL2.jpg
RETROPY F2	6396	ADIDAS	БЕЖЕВЫЙ	ИНДОНЕЗИЯ	3	pics/ADGW5473R00.jpg
M.Trendy Cross Training Shoes	4900	ERKE	КОРИЧНЕВЫЙ	КИТАЙ	1	pics/ER11123414202502.jpg
MYTHOS BLUSHIELD VIGORE 2	10796	DIADORA	ЧЕРНЫЙ	ВЬЕТНАМ	3	pics/DR101179081C2609.jpg
M.Skateboard Shoes	2800	ERKE	БЕЛЫЙ	КИТАЙ	3	pics/ER11124101034105.jpg
RS-X Efekt PRM	14990	PUMA	БЕЛЫЙ	ВЬЕТНАМ	7	pics/PM39077622.jpg
M.Casual Shoes	2800	ERKE	СЕРЫЙ	КИТАЙ	3	pics/ER11123402341405.jpg
OFF-GRID LO ZIP WATERPROOF+	7740	PALLADIUM	ЧЕРНЫЙ	ВЬЕТНАМ	5	pics/PL79112001.jpg
TROOP RUNNER	6240	PALLADIUM	КОРИЧНЕВЫЙ	ВЬЕТНАМ	4	pics/PL77330255.jpg
EBUFFER	6990	ANTA	СЕРЫЙ	КИТАЙ	2	pics/AN8124177187.jpg
ACELINE 96 124 1 SMA	16786	LACOSTE	БЕЖЕВЫЙ	ТАИЛАНД	2	pics/747SMA00361Y5.jpg
M.Jogging Shoes	3280	ERKE	ЧЕРНЫЙ	КИТАЙ	5	pics/ER11124102062107.jpg
M.Jogging Shoes	2800	ERKE	КОРИЧНЕВЫЙ	КИТАЙ	4	pics/ER11124102113105.jpg
ACELINE 96 124 1 SMA	16786	LACOSTE	БЕЖЕВЫЙ	ТАИЛАНД	2	pics/747SMA0036WN1.jpg
M.Jogging Shoes	2800	ERKE	КОРИЧНЕВЫЙ	КИТАЙ	5	pics/ER11123402166807.jpg
BASIC	3990	ANTA	БЕЖЕВЫЙ	КИТАЙ	5	pics/AN8124180162.jpg
M.Basketball Shoes(Court)	4400	ERKE	ЖЕЛТЫЙ	КИТАЙ	4	pics/ER11124104110402.jpg
RS-X Efekt PRM	14990	PUMA	РАЗНОЦВЕТНЫЙ	ВЬЕТНАМ	3	pics/PM39077629.jpg
PARTNER 70S 124 1 SMA	10788	LACOSTE	БЕЖЕВЫЙ	ТАИЛАНД	5	pics/747SMA00061R5.jpg
M.Skateboard Shoes	3350	ERKE	ГОЛУБОЙ	КИТАЙ	1	pics/ER11124101195602.jpg
TROOP RUNNER	6240	PALLADIUM	СИНИЙ	ВЬЕТНАМ	4	pics/PL77330463.jpg
M.Jogging Shoes	2800	ERKE	БЕЖЕВЫЙ	КИТАЙ	3	pics/ER11123402166408.jpg
PARTNER 70S 124 2 SMA	10788	LACOSTE	БЕЖЕВЫЙ	ТАИЛАНД	1	pics/747SMA000718C.jpg
OFF-GRID LO ZIP WATERPROOF+	7740	PALLADIUM	КОРИЧНЕВЫЙ	ВЬЕТНАМ	4	pics/PL79112308.jpg
MYTHOS BLUSHIELD VIGORE 2	10796	DIADORA	СЕРЫЙ	ВЬЕТНАМ	2	pics/DR101179081C7055.jpg
M.Jogging Shoes	3200	ERKE	БЕЖЕВЫЙ	КИТАЙ	2	pics/ER11123402011806.jpg
M.Jogging Shoes	3200	ERKE	СЕРЫЙ	КИТАЙ	4	pics/ER11123402011104.jpg
M.Casual Shoes	2600	ERKE	СЕРЫЙ	КИТАЙ	5	pics/ER11124102056105.jpg
M.Trendy Cross Training Shoes	4900	ERKE	КОРИЧНЕВЫЙ	КИТАЙ	1	pics/ER11123414202106.jpg
PARTNER 70S 124 2 SMA	17980	LACOSTE	ЧЕРНЫЙ	ТАИЛАНД	5	pics/747SMA0007454.jpg
M.Skateboard Shoes	3350	ERKE	БЕЖЕВЫЙ	КИТАЙ	2	pics/ER11123401241405.jpg
M.Skateboard Shoes	2800	ERKE	РАЗНОЦВЕТНЫЙ	КИТАЙ	3	pics/ER11124101034106.jpg
SNEAKERS	18392	EA7	ЧЕРНЫЙ	ВЬЕТНАМ	2	pics/EA7X8X152XK378T662.jpg
M2002	25990	NEW BALANCE	ЗЕЛЕНЫЙ	КИТАЙ	3	pics/NBM2002REM.jpg
Velophasis 002 Asym	15990	PUMA	РАЗНОЦВЕТНЫЙ	ВЬЕТНАМ	1	pics/PM39647301.jpg
M2002	25990	NEW BALANCE	ЧЕРНЫЙ	КИТАЙ	5	pics/NBM2002RIB.jpg
MR530	19990	NEW BALANCE	БЕЛЫЙ	ВЬЕТНАМ	3	pics/NBMR530RA.jpg
M2002	25990	NEW BALANCE	СИНИЙ	КИТАЙ	2	pics/NBM2002RCA.jpg
M2002	25990	NEW BALANCE	СЕРЫЙ	КИТАЙ	4	pics/NBM2002REL.jpg
SNEAKERS	18392	EA7	БЕЖЕВЫЙ	ВЬЕТНАМ	2	pics/EA7X8X152XK378T663.jpg
Genetics	7990	PUMA	СИНИЙ	ВЬЕТНАМ	3	pics/PM37997406.jpg
BMW MMS Velophasis	9495	PUMA	РАЗНОЦВЕТНЫЙ	ВЬЕТНАМ	3	pics/PM30829502.jpg
M2002	25990	NEW BALANCE	БЕЖЕВЫЙ	КИТАЙ	1	pics/NBM2002REK.jpg
SNEAKERS	15393	EA7	БЕЖЕВЫЙ	ИНДОНЕЗИЯ	1	pics/EA7X8X173XK374T821.jpg
M2002	25990	NEW BALANCE	КОРИЧНЕВЫЙ	КИТАЙ	6	pics/NBM2002REJ.jpg
Genetics	5995	PUMA	РАЗНОЦВЕТНЫЙ	ВЬЕТНАМ	4	pics/PM30969101.jpg
Genetics	7990	PUMA	ЧЕРНЫЙ	ВЬЕТНАМ	3	pics/PM37990501.jpg
Genetics	7990	PUMA	РАЗНОЦВЕТНЫЙ	ВЬЕТНАМ	3	pics/PM30969102.jpg
Genetics	7990	PUMA	РАЗНОЦВЕТНЫЙ	ВЬЕТНАМ	1	pics/PM37990502.jpg
BMW MMS RS-Trck	11990	PUMA	БЕЛЫЙ	ВЬЕТНАМ	3	pics/PM30802602.jpg
SNEAKERS	15393	EA7	БЕЛЫЙ	ИНДОНЕЗИЯ	2	pics/EA7X8X173XK374T655.jpg
M1906	27490	NEW BALANCE	СЕРЫЙ	ВЬЕТНАМ	4	pics/NBM1906REH.jpg
M1906	27490	NEW BALANCE	СЕРЫЙ	ВЬЕТНАМ	5	pics/NBM1906REE.jpg
M2002	25990	NEW BALANCE	СЕРЫЙ	КИТАЙ	7	pics/NBM2002RFB.jpg
Genetics	7990	PUMA	ЧЕРНЫЙ	ВЬЕТНАМ	3	pics/PM30969103.jpg
BMW MMS Velophasis	15990	PUMA	ГОЛУБОЙ	ВЬЕТНАМ	1	pics/PM30829501.jpg
M1906	27490	NEW BALANCE	СЕРЫЙ	ВЬЕТНАМ	4	pics/NBM1906REB.jpg
Genetics	7990	PUMA	КРАСНЫЙ	ВЬЕТНАМ	2	pics/PM30969104.jpg
Charged Breeze 2	8393	UNDER ARMOUR	ЗЕЛЕНЫЙ	ВЬЕТНАМ	1	pics/UA3026135301.jpg
Velophasis 002 Asym	15990	PUMA	БЕЖЕВЫЙ	ВЬЕТНАМ	3	pics/PM39647303.jpg
GAZELLE	16490	ADIDAS	ЧЕРНЫЙ	ВЬЕТНАМ	11	pics/ADCQ2809R00.jpg
M2002	25990	NEW BALANCE	БЕЛЫЙ	КИТАЙ	3	pics/NBM2002RIA.jpg
Velophasis Always On	16990	PUMA	ЧЕРНЫЙ	ВЬЕТНАМ	2	pics/PM39590802.jpg
RS-X Triple	16990	PUMA	БЕЛЫЙ	ВЬЕТНАМ	4	pics/PM39192802.jpg
L001 SET 224 7 SMA	18980	LACOSTE	ЧЕРНЫЙ	ВЬЕТНАМ	4	pics/748SMA009702H.jpg
DUNK LOW RETRO BRONZINE	18990	NIKE	КОРИЧНЕВЫЙ	ВЬЕТНАМ	1	pics/NKFZ4042716.jpg
Velophasis Always On	16990	PUMA	СЕРЫЙ	ВЬЕТНАМ	2	pics/PM39590803.jpg
Velophasis Always On	16990	PUMA	БЕЛЫЙ	ВЬЕТНАМ	1	pics/PM39590808.jpg
Velophasis Always On	11893	PUMA	БЕЖЕВЫЙ	ВЬЕТНАМ	6	pics/PM39590804.jpg
Morphic Base	11990	PUMA	БЕЛЫЙ	КИТАЙ	5	pics/PM39298201.jpg
550	19990	NEW BALANCE	БЕЛЫЙ	?	4	pics/NBBB550PB1.jpg
LINESHOT 224 2 SMA	19980	LACOSTE	ЧЕРНЫЙ	ТАИЛАНД	1	pics/748SMA0025312.jpg
Air Force 1 '07 LV8	19990	NIKE	БЕЛЫЙ	ИНДИЯ	1	pics/NKFV1320100.jpg
550	19990	NEW BALANCE	ЧЕРНЫЙ	?	5	pics/NBBB550PRA.jpg
L001 SET 224 2 SMA	18980	LACOSTE	БЕЛЫЙ	ВЬЕТНАМ	1	pics/748SMA001821G.jpg
Morphic Base	13990	PUMA	СЕРЫЙ	КИТАЙ	8	pics/PM39298202.jpg
RAPTOR LOW	7990	DIADORA	БЕЖЕВЫЙ	КИТАЙ	2	pics/DR101177704D1087.jpg
BASESHOT 223 1 SMA	16980	LACOSTE	ЧЕРНЫЙ	ВЬЕТНАМ	1	pics/746SMA0065312.jpg
Dunk Low Twist	18990	NIKE	ЖЕЛТЫЙ	ИНДОНЕЗИЯ	5	pics/NKDZ2794700.jpg
RS-X Efekt PRM	16990	PUMA	БЕЖЕВЫЙ	ВЬЕТНАМ	1	pics/PM39077646.jpg
550	19990	NEW BALANCE	БЕЛЫЙ	?	4	pics/NBBB550PWG.jpg
Air Force 1 '07	19990	NIKE	?	ВЬЕТНАМ	4	pics/NKFV0951100.jpg
Dunk Low	18990	NIKE	?	ВЬЕТНАМ	2	pics/NKFQ8826100.jpg
L001 SET 224 2 SMA	18980	LACOSTE	ЧЕРНЫЙ	ВЬЕТНАМ	2	pics/748SMA0018312.jpg
BASESHOT 223 1 SMA	11886	LACOSTE	СИНИЙ	ВЬЕТНАМ	4	pics/746SMA0065092.jpg
Air Force 1 '07	19990	NIKE	ЧЕРНЫЙ	ВЬЕТНАМ	8	pics/NKFZ4350001.jpg
BASESHOT 223 1 SMA	16980	LACOSTE	ЗЕЛЕНЫЙ	ВЬЕТНАМ	1	pics/746SMA00652D2.jpg
Rebound v6 Low	8990	PUMA	РАЗНОЦВЕТНЫЙ	КИТАЙ	1	pics/PM39232804.jpg
L001 SET 224 2 SMA	18980	LACOSTE	БЕЛЫЙ	ВЬЕТНАМ	1	pics/748SMA00181R5.jpg
Velophasis Always On	16990	PUMA	СЕРЫЙ	ВЬЕТНАМ	3	pics/PM39590801.jpg
9060	26990	NEW BALANCE	?	ВЬЕТНАМ	15	pics/NBU9060GRY.jpg
Air Max 90	14994	NIKE	РАЗНОЦВЕТНЫЙ	ВЬЕТНАМ	5	pics/NKFB9658003.jpg
MR530	23990	NEW BALANCE	БЕЛЫЙ	ВЬЕТНАМ	15	pics/NBMR530SG.jpg
STORM 96 2K 224 3 SMA	21980	LACOSTE	ЖЕЛТЫЙ	ВЬЕТНАМ	1	pics/748SMA0096AOM.jpg
LXRY 2K	11592	KARL KANI	БЕЛЫЙ	КИТАЙ	7	pics/KKKKFWM000356R00.jpg
89 PRM	9443	KARL KANI	КОРИЧНЕВЫЙ	КИТАЙ	6	pics/KKKKFWM000362R00.jpg
Air Humara	15990	NIKE	СЕРЫЙ	КИТАЙ	9	pics/NKFQ2443001.jpg
HOOD RUNNER TT	13041	KARL KANI	БЕЛЫЙ	КИТАЙ	2	pics/KKKKFWM000350R00.jpg
STORM 96 2K 224 2 SMA	21980	LACOSTE	СЕРЫЙ	ВЬЕТНАМ	3	pics/748SMA0071G1N.jpg
STORM 96 2K 224 1 SMA	21980	LACOSTE	БЕЛЫЙ	ВЬЕТНАМ	1	pics/748SMA00701R5.jpg
Dunk High	19990	NIKE	КОРИЧНЕВЫЙ	ВЬЕТНАМ	7	pics/NKFQ2755200.jpg
89 CLASSIC	10392	KARL KANI	БЕЛЫЙ	КИТАЙ	6	pics/KKKKFWM000361R00.jpg
89 CLASSIC	10791	KARL KANI	БЕЛЫЙ	КИТАЙ	7	pics/KKKKFWM000360R00.jpg
Air Force 1 '07 LV8	19990	NIKE	БЕЖЕВЫЙ	ВЬЕТНАМ	4	pics/NKFD2592001.jpg
Morphic Retro	13990	PUMA	ЧЕРНЫЙ	КИТАЙ	4	pics/PM39592003.jpg
89 LXRY PRM	11992	KARL KANI	СЕРЫЙ	КИТАЙ	8	pics/KKKKFWM000348R00.jpg
LXRY 2K	13041	KARL KANI	БЕЛЫЙ	КИТАЙ	6	pics/KKKKFWM000349R00.jpg
L003 2K24 224 1 SMA	24980	LACOSTE	БЕЛЫЙ	ВЬЕТНАМ	4	pics/748SMA0058081.jpg
STORM 96 2K 224 1 SMA	21980	LACOSTE	БЕЛЫЙ	ВЬЕТНАМ	1	pics/748SMA0070080.jpg
Morphic Retro	13990	PUMA	БЕЖЕВЫЙ	КИТАЙ	4	pics/PM39592004.jpg
AIR MAX 97	19990	NIKE	ЖЕЛТЫЙ	ВЬЕТНАМ	3	pics/NKFN0321100.jpg
RAPTOR LOW	7990	DIADORA	ЗЕЛЕНЫЙ	КИТАЙ	?	pics/DR101177704C1161.jpg
Blazer Phantom Mid	18990	NIKE	БЕЛЫЙ	ВЬЕТНАМ	7	pics/NKDX5800101.jpg
L003 2K24 224 2 SMA	24980	LACOSTE	ЧЕРНЫЙ	ВЬЕТНАМ	5	pics/748SMA006012X.jpg
Blazer Mid '77 Dia De Los Muertos	18990	NIKE	БЕЖЕВЫЙ	ВЬЕТНАМ	9	pics/NKFQ8173104.jpg
AIR FORCE 1 '07	19990	NIKE	?	ВЬЕТНАМ	9	pics/NKFB3355200.jpg
STORM 96 2K 224 2 SMA	21980	LACOSTE	БЕЖЕВЫЙ	ВЬЕТНАМ	2	pics/748SMA00711Y5.jpg
HOOD RUNNER PRM	13041	KARL KANI	СЕРЫЙ	КИТАЙ	5	pics/KKKKFWM000352R00.jpg
L003 NEO 224 1 SMA	20980	LACOSTE	ЧЕРНЫЙ	ВЬЕТНАМ	4	pics/748SMA005512X.jpg
AIR FORCE 1 '07	19990	NIKE	БЕЛЫЙ	ИНДИЯ	6	pics/NKFQ2204100.jpg
GAZELLE	15990	ADIDAS	ЗЕЛЕНЫЙ	ВЬЕТНАМ	2	pics/ADIG1634R00.jpg
OZWEEGO	13990	ADIDAS	БЕЖЕВЫЙ	КАМБОДЖА	11	pics/ADID0671R00.jpg
DUNK HI RETRO SE	19990	NIKE	КОРИЧНЕВЫЙ	ВЬЕТНАМ	1	pics/NKDV7223800.jpg
OZMILLEN	13990	ADIDAS	КОРИЧНЕВЫЙ	ВЬЕТНАМ	4	pics/ADID5719R00.jpg
SKYLER CAMPUS	7794	DIADORA	СЕРЫЙ	ВЬЕТНАМ	5	pics/DR10117972960062.jpg
MYTHOS BLUSHIELD VOLO HIP 3	15594	DIADORA	ЧЕРНЫЙ	ВЬЕТНАМ	2	pics/DR101179089C2609.jpg
GAZELLE	16490	ADIDAS	БЕЖЕВЫЙ	ВЬЕТНАМ	8	pics/ADIF3817R00.jpg
OZMILLEN	12990	ADIDAS	ЧЕРНЫЙ	ВЬЕТНАМ	4	pics/ADID2895R00.jpg
NMD_S1	13990	ADIDAS	ЧЕРНЫЙ	ВЬЕТНАМ	5	pics/ADFZ6381R00.jpg
DUNK HI RETRO PRM	19990	NIKE	ЧЕРНЫЙ	ВЬЕТНАМ	3	pics/NKDV7216001.jpg
STAN SMITH	10990	ADIDAS	ЧЕРНЫЙ	ВЬЕТНАМ	5	pics/ADFX5499R00.jpg
RIVALRY LOW	12949	ADIDAS	СИНИЙ	ВЬЕТНАМ	6	pics/ADIF6248R00.jpg
JORDAN 7 RETRO PATTA ICICLE	21990	NIKE	ЗЕЛЕНЫЙ	КИТАЙ	3	pics/NKAT3375100.jpg
RESPONSE CL	15990	ADIDAS	СЕРЫЙ	КИТАЙ	5	pics/ADGZ1561R00.jpg
9060	26990	NEW BALANCE	СЕРЫЙ	ВЬЕТНАМ	5	pics/NBU9060SFB.jpg
OZMILLEN	14990	ADIDAS	БЕЛЫЙ	ВЬЕТНАМ	9	pics/ADIF3447R00.jpg
NMD_S1	11590	ADIDAS	БЕЛЫЙ	ВЬЕТНАМ	6	pics/ADGW4652R00.jpg
RIVALRY LOW	12990	ADIDAS	БЕЛЫЙ	ВЬЕТНАМ	9	pics/ADIG1473R00.jpg
OZMILLEN	13990	ADIDAS	БЕЖЕВЫЙ	ВЬЕТНАМ	5	pics/ADID5829R00.jpg
MYTHOS BLUSHIELD 8 VORTICE	16794	DIADORA	ЖЕЛТЫЙ	ВЬЕТНАМ	3	pics/DR101179087D0273.jpg
650	15990	NEW BALANCE	БЕЖЕВЫЙ	КИТАЙ	6	pics/NBBB650RSE.jpg
RISING WAVES	2996	ANTA	БЕЛЫЙ	КИТАЙ	5	pics/AN8124288544.jpg
Rebound LayUp SL	7990	PUMA	СЕРЫЙ	КИТАЙ	4	pics/PM36957344.jpg
RISING WAVES	4990	ANTA	БЕЛЫЙ	КИТАЙ	5	pics/AN8124288543.jpg
HANDBALL SPEZIAL	14990	ADIDAS	КОРИЧНЕВЫЙ	ИНДОНЕЗИЯ	5	pics/ADIG6183R00.jpg
ULTRABOOST 1.0	17990	ADIDAS	ЧЕРНЫЙ	ВЬЕТНАМ	4	pics/ADIE8483R00.jpg
RIVALRY LOW	12990	ADIDAS	БЕЛЫЙ	ВЬЕТНАМ	8	pics/ADIG1474R00.jpg
HANDBALL SPEZIAL	14990	ADIDAS	ГОЛУБОЙ	ВЬЕТНАМ	3	pics/ADIG6194R00.jpg
FORUM MID	12990	ADIDAS	БЕЛЫЙ	ВЬЕТНАМ	10	pics/ADIG3756R00.jpg
BIOM 2.1 X MOUNTAIN	18392	ECCO	ЗЕЛЕНЫЙ	ТАИЛАНД	3	pics/EC82380460441.jpg
RAPTOR MID	8990	DIADORA	ЧЕРНЫЙ	КИТАЙ	1	pics/DR101177703C0200.jpg
RAPTOR MID	4995	DIADORA	БЕЛЫЙ	КИТАЙ	3	pics/DR101177703D0616.jpg
D-5000	5495	DIADORA	СИНИЙ	КИТАЙ	1	pics/DR10117769960031.jpg
RAPTOR MID	8990	DIADORA	БЕЛЫЙ	КИТАЙ	4	pics/DR101177703C0657.jpg
Terraventure Urban Low	18990	JACK WOLFSKIN	КОРИЧНЕВЫЙ	ВЬЕТНАМ	1	pics/JW40553814788.jpg
Rebellion Guide Texapore Low	18990	JACK WOLFSKIN	ЧЕРНЫЙ	КИТАЙ	1	pics/JW40537616048.jpg
CLASSIC LEATHER MID GORE-TEX THIN	20999	REEBOK	КОРИЧНЕВЫЙ	ВЬЕТНАМ	2	pics/RB101431326R00.jpg
ZIG KINETICA 2.5 EDGE WINTER	23990	REEBOK	ЧЕРНЫЙ	ВЬЕТНАМ	11	pics/RB101620309R00.jpg
CAMARO	10990	DIADORA	ЧЕРНЫЙ	?	8	pics/DR501159886C0200.jpg
574	19990	NEW BALANCE	ЧЕРНЫЙ	?	10	pics/NBML574DBH.jpg
DISTANCE 280 LEATHER	5994	DIADORA	БЕЛЫЙ	?	1	pics/DR501177231C6180.jpg
ZIG KINETICA 2.5 EDGE WINTER	23990	REEBOK	БЕЖЕВЫЙ	ВЬЕТНАМ	5	pics/RB101620311R00.jpg
ZIG KINETICA 2.5 EDGE WINTER	23990	REEBOK	ЧЕРНЫЙ	ВЬЕТНАМ	8	pics/RB101620310R00.jpg
THICK SOLE	11190	ANTA	РАЗНОЦВЕТНЫЙ	КИТАЙ	2	pics/AN8123489014.jpg
Specter X 2.0	16440	BRANDBLACK	БЕЖЕВЫЙ	ВЬЕТНАМ	1	pics/BBM486BBGYWH.jpg
RAPTOR MID	8990	DIADORA	ЗЕЛЕНЫЙ	КИТАЙ	1	pics/DR101177703C1161.jpg
Men's Villain Luxe	15540	BRANDBLACK	БЕЛЫЙ	ВЬЕТНАМ	1	pics/BBM778BBOGWH.jpg
TRIDENT 90 C SW	9996	DIADORA	КОРИЧНЕВЫЙ	?	3	pics/DR201176281C3754.jpg
574	12990	NEW BALANCE	ЧЕРНЫЙ	?	4	pics/NBML574DSG.jpg
Men's Villain	15540	BRANDBLACK	РАЗНОЦВЕТНЫЙ	ВЬЕТНАМ	1	pics/BBM777BBSAFS.jpg
Terraventure Urban Low	18990	JACK WOLFSKIN	ЧЕРНЫЙ	ВЬЕТНАМ	1	pics/JW40553816000.jpg
THICK SOLE	11190	ANTA	РАЗНОЦВЕТНЫЙ	КИТАЙ	1	pics/AN8123489012.jpg
EURO TREKKER LOW MESH	9196	TIMBERLAND	ЧЕРНЫЙ	КАМБОДЖА	5	pics/TB0A2DW80151R00.jpg
TRIDENT 90 C SW	9996	DIADORA	РАЗНОЦВЕТНЫЙ	?	4	pics/DR201176281D0334.jpg
CAMARO	10990	DIADORA	ЗЕЛЕНЫЙ	?	9	pics/DR501159886C6307.jpg
CAMARO	10990	DIADORA	КОРИЧНЕВЫЙ	?	4	pics/DR501159886C5603.jpg
RAPTOR MID	8990	DIADORA	БЕЖЕВЫЙ	КИТАЙ	1	pics/DR101177703D1087.jpg
THICK SOLE	11190	ANTA	РАЗНОЦВЕТНЫЙ	КИТАЙ	1	pics/AN8123489013.jpg
574	12990	NEW BALANCE	ЧЕРНЫЙ	?	6	pics/NBML574EVB.jpg
SUPERSTAR	11990	ADIDAS	ЧЕРНЫЙ	ВЬЕТНАМ	3	pics/ADNFW6385R00.jpg
SUPERSTAR	7500	ADIDAS	БЕЛЫЙ	КИТАЙ	6	pics/ADNGX2990R00.jpg
NIZZA	6990	ADIDAS	ЧЕРНЫЙ	ВЬЕТНАМ	3	pics/ADNCQ2332R00.jpg
OZWEEGO	11990	ADIDAS	БЕЛЫЙ	?	12	pics/ADEE6464R00.jpg
MAGIC BASKET DEMI CUT	8495	DIADORA	ЗЕЛЕНЫЙ	КИТАЙ	1	pics/DR501178563C6646.jpg
LINESHOT 223 2 SMA	13986	LACOSTE	СИНИЙ	ТАИЛАНД	1	pics/746SMA0075042.jpg
SUPERSTAR	7500	ADIDAS	ЧЕРНЫЙ	КИТАЙ	3	pics/ADNGX8412R00.jpg
RAPTOR LOW SL	9990	DIADORA	РАЗНОЦВЕТНЫЙ	КИТАЙ	?	pics/DR10117832525159.jpg
SUPERSTAR	7990	ADIDAS	БЕЛЫЙ	КИТАЙ	2	pics/ADNGX7991R00.jpg
STAN SMITH	8990	ADIDAS	БЕЛЫЙ	?	5	pics/ADFX5502R00.jpg
PRO MODEL	7995	ADIDAS	БЕЛЫЙ	ВЬЕТНАМ	2	pics/ADNFX7821R00.jpg
L-SPIN DELUXE 123 4 SMA	14686	LACOSTE	ЗЕЛЕНЫЙ	ВЬЕТНАМ	1	pics/745SMA0123082.jpg
STREETBALL	8990	ADIDAS	БЕЛЫЙ	КИТАЙ	1	pics/ADNEF6990R00.jpg
FORUM MID	5980	ADIDAS	БЕЛЫЙ	КИТАЙ	10	pics/ADFY4975R00.jpg
CLUB C 85	8990	REEBOK	ЧЕРНЫЙ	?	8	pics/RBAR0454R00.jpg
RETROVULC MI	3996	ADIDAS	ЧЕРНЫЙ	ВЬЕТНАМ	1	pics/ADNH02212R00.jpg
ZIG KINETICA 3	15999	REEBOK	СЕРЫЙ	ВЬЕТНАМ	4	pics/RBID1817R00.jpg
OZWEEGO	13990	ADIDAS	?	ВЬЕТНАМ	11	pics/ADEE6462R00.jpg
L-SPIN DELUXE 2.0 2222SMA	16086	LACOSTE	ЧЕРНЫЙ	ВЬЕТНАМ	3	pics/744SMA0110312.jpg
N902	13490	DIADORA	СЕРЫЙ	КИТАЙ	?	pics/DR501178559C4963.jpg
L-SPIN DELUXE 123 1 SMA	12588	LACOSTE	БЕЖЕВЫЙ	ВЬЕТНАМ	1	pics/745SMA0020147.jpg
SUPERSTAR	7990	ADIDAS	БЕЛЫЙ	ИНДОНЕЗИЯ	3	pics/ADNGV7186R00.jpg
FIELD	4995	DIADORA	ЧЕРНЫЙ	КИТАЙ	6	pics/DR101172354C7565.jpg
BIOM 2.1 X COUNTRY	15192	ECCO	СИНИЙ	ИНДОНЕЗИЯ	1	pics/EC82280460266.jpg
SUPERSTAR	11990	ADIDAS	БЕЛЫЙ	ВЬЕТНАМ	2	pics/ADNFW6387R00.jpg
FORUM MID	7200	ADIDAS	БЕЛЫЙ	КИТАЙ	2	pics/ADFY7939R00.jpg
CLUB C 85	8990	REEBOK	БЕЛЫЙ	ВЬЕТНАМ	4	pics/RBAR0456R00.jpg
N9000 ITALIA CIME DI RAPA	17495	DIADORA	РАЗНОЦВЕТНЫЙ	ИТАЛИЯ	6	pics/DR20117782425096.jpg
Classic Leather	7495	REEBOK	ЧЕРНЫЙ	ВЬЕТНАМ	6	pics/RBGY0955R00.jpg
T-CLIP WINTERIZED 223 2 SMA	16086	LACOSTE	КОРИЧНЕВЫЙ	ТАИЛАНД	2	pics/746SMA00971W7.jpg
Euro Trekker Mid Leather	16093	TIMBERLAND	СЕРЫЙ	КАМБОДЖА	1	pics/TB0A677R0331R00.jpg
GS Motion6 Low F/L	14994	TIMBERLAND	КОРИЧНЕВЫЙ	КАМБОДЖА	1	pics/TB0A63WG3271R00.jpg
ULT-TRN WATERPROOF	17493	ECCO	ЧЕРНЫЙ	ТАИЛАНД	1	pics/EC82431451094.jpg
RETRO SNEAKER	15992	ECCO	СЕРЫЙ	СЛОВАКИЯ	5	pics/EC52494402308.jpg
Sprint Trekker Mid Fab WaterProof	16990	TIMBERLAND	КОРИЧНЕВЫЙ	КАМБОДЖА	2	pics/TB0A5NFK3271R00.jpg
GS Motion 6 Mid F/L WaterProof	29990	TIMBERLAND	СЕРЫЙ	КАМБОДЖА	1	pics/TB0A67BG0331R00.jpg
RETRO SNEAKER	15992	ECCO	ЧЕРНЫЙ	СЛОВАКИЯ	3	pics/EC52494402001.jpg
ULT-TRN WATERPROOF	17592	ECCO	КОРИЧНЕВЫЙ	СЛОВАКИЯ	1	pics/EC82427456091.jpg
ULT-TRN WATERPROOF	13592	ECCO	ЧЕРНЫЙ	ТАИЛАНД	3	pics/EC82426451052.jpg
ULT-TRN WATERPROOF	17592	ECCO	ЧЕРНЫЙ	СЛОВАКИЯ	1	pics/EC82427451094.jpg
L001 MID 223 4 SMA	9990	LACOSTE	БЕЛЫЙ	ВЬЕТНАМ	2	pics/746SMA0111042.jpg
Euro Trekker Super Ox	16093	TIMBERLAND	ЧЕРНЫЙ	КАМБОДЖА	1	pics/TB0A61AC0151R00.jpg
GS Motion 6 Lthr Super Ox	18193	TIMBERLAND	ЧЕРНЫЙ	КАМБОДЖА	1	pics/TB0A65HC0151R00.jpg
Canyon Peak	8330	JEEP	ЧЕРНЫЙ	КИТАЙ	1	pics/JPJM32120A062.jpg
BIOM 2.0	15192	ECCO	ЧЕРНЫЙ	ПОРТУГАЛИЯ	2	pics/EC80079451052.jpg
Mt Lincoln Mid Gore-Tex	23793	TIMBERLAND	РАЗНОЦВЕТНЫЙ	ВЬЕТНАМ	1	pics/TB0A61HV0151R00.jpg
Mt Lincoln Mid Gore-Tex	23793	TIMBERLAND	ЧЕРНЫЙ	ВЬЕТНАМ	1	pics/TB0A61NM0151R00.jpg
Sprint Trekker Mid Fab WaterProof	24990	TIMBERLAND	ЧЕРНЫЙ	КАМБОДЖА	1	pics/TB0A266B0151R00.jpg
Sprint Trekker Mid Fab WaterProof	18893	TIMBERLAND	ЧЕРНЫЙ	КАМБОДЖА	1	pics/TB0A61QG0151R00.jpg
Sprint Trekker Mid Fab WaterProof	18893	TIMBERLAND	ЧЕРНЫЙ	КАМБОДЖА	1	pics/TB0A65EV0151R00.jpg
Sprint Trekker Mid Fab WaterProof	18893	TIMBERLAND	КОРИЧНЕВЫЙ	КАМБОДЖА	1	pics/TB0A61SC3271R00.jpg
Lincoln Peak Mid Gore-Tex	29990	TIMBERLAND	ЧЕРНЫЙ	ВЬЕТНАМ	1	pics/TB0A44KK0151R00.jpg
Euro Trekker Super Ox	22990	TIMBERLAND	КОРИЧНЕВЫЙ	КАМБОДЖА	1	pics/TB0A61942311R00.jpg
Sprint Trekker Mid Fab WaterProof	17493	TIMBERLAND	СИНИЙ	КАМБОДЖА	1	pics/TB0A2FXT0191R00.jpg
580	18200	NEW BALANCE	КОРИЧНЕВЫЙ	ИНДОНЕЗИЯ	1	pics/NBLMT580RTB.jpg
Canyon Low	8330	JEEP	КОРИЧНЕВЫЙ	КИТАЙ	5	pics/JPJM32112A306.jpg
MX	15192	ECCO	ЧЕРНЫЙ	ИНДОНЕЗИЯ	6	pics/EC82022451052.jpg
Canyon Low	8330	JEEP	ЧЕРНЫЙ	КИТАЙ	3	pics/JPJM32112A062.jpg
URBAN BREAKER GORE-TEX	23086	LACOSTE	ЧЕРНЫЙ	ВЬЕТНАМ	5	pics/742CMA000302H.jpg
M.Basketball Shoes(Court)	4400	ERKE	ЗЕЛЕНЫЙ	КИТАЙ	3	pics/ER11124104110003.jpg
Vectiv Fastpack Futurelight	11193	THE NORTH FACE	ЧЕРНЫЙ	ВЬЕТНАМ	5	pics/NF0A5JCYNY71.jpg
574 mid	24990	NEW BALANCE	ЧЕРНЫЙ	ВЬЕТНАМ	1	pics/NBMH574GX1.jpg
M.Jogging Shoes	2800	ERKE	БЕЖЕВЫЙ	КИТАЙ	5	pics/ER11124102113001.jpg
RUN BREAKER GORE-TEX	19788	LACOSTE	ЧЕРНЫЙ	ВЬЕТНАМ	1	pics/742SMA008802H.jpg
T-CLIP WINTERIZED MID 222 2 SMA	24980	LACOSTE	ЧЕРНЫЙ	ТАИЛАНД	2	pics/744SMA0065237.jpg
VECTIV TARAVAL Peak	11893	THE NORTH FACE	КОРИЧНЕВЫЙ	ВЬЕТНАМ	1	pics/NF0A5LVKKOM1.jpg
M.Skateboard Shoes	3350	ERKE	ЧЕРНЫЙ	КИТАЙ	1	pics/ER11124101195005.jpg
N902 MAN WINTERIZED	5996	DIADORA	ЧЕРНЫЙ	КИТАЙ	6	pics/DR50117841980013.jpg
OXEYE TECH	10143	THE NORTH FACE	СЕРЫЙ	ВЬЕТНАМ	6	pics/NF0A7W5UIH61.jpg
SNEAKER WATERPROOF	4495	LUMBERJACK	СЕРЫЙ	КИТАЙ	1	pics/LJMF7011002X53CD003.jpg
URBAN BREAKER GORE-TEX	24980	LACOSTE	ЧЕРНЫЙ	ВЬЕТНАМ	3	pics/742CMA000402H.jpg
M.Skateboard Shoes	3350	ERKE	ЧЕРНЫЙ	КИТАЙ	2	pics/ER11124101195004.jpg
RUN BREAKER 0121	19788	LACOSTE	СИНИЙ	ВЬЕТНАМ	1	pics/742SMA0090144.jpg
8935	8990	ANTA	СЕРЫЙ	КИТАЙ	3	pics/AN8123389351.jpg
M.Casual Shoes	2600	ERKE	ЧЕРНЫЙ	КИТАЙ	2	pics/ER11124102056006.jpg
8935	9690	ANTA	ЧЕРНЫЙ	КИТАЙ	2	pics/AN8123389352.jpg
M.Jogging Shoes	2800	ERKE	ЧЕРНЫЙ	КИТАЙ	5	pics/ER11124102113004.jpg
M.Jogging Shoes	3280	ERKE	БЕЖЕВЫЙ	КИТАЙ	2	pics/ER11124102062006.jpg
HIGH CUT SNEAKER	3245	LUMBERJACK	БЕЛЫЙ	КИТАЙ	2	pics/LJM70401002S01CA001.jpg
M.Basketball Shoes(Court)	4400	ERKE	ЧЕРНЫЙ	КИТАЙ	1	pics/ER11124104110006.jpg
RACE NYL	6495	DIADORA	ЧЕРНЫЙ	КИТАЙ	2	pics/DR501179775C0641.jpg
HIGH CUT SNEAKER	3245	LUMBERJACK	ЧЕРНЫЙ	КИТАЙ	5	pics/LJM70401002S01CB001.jpg
ThermoBall Traction Mules V	5094	THE NORTH FACE	ЖЕЛТЫЙ	ВЬЕТНАМ	2	pics/NF0A7W4KZU31.jpg
T-CLIP WINTERIZED 222 2 SMA	16086	LACOSTE	ЧЕРНЫЙ	ТАИЛАНД	4	pics/744SMA0033237.jpg
V7000  WINTER	11394	DIADORA	РАЗНОЦВЕТНЫЙ	КИТАЙ	1	pics/DR501179722C9288.jpg
Vectiv Fastpack Futurelight MID	10794	THE NORTH FACE	ЧЕРНЫЙ	ВЬЕТНАМ	1	pics/NF0A5JCWNY71.jpg
CAMARO MID MAN WINTERIZED	6594	DIADORA	ЧЕРНЫЙ	КИТАЙ	4	pics/DR50117841880013.jpg
Casual	4549	ERKE	СЕРЫЙ	КИТАЙ	1	pics/ER11123302170102.jpg
CONTINENTAL 80	5996	ADIDAS	БЕЛЫЙ	ИНДОНЕЗИЯ	10	pics/ADNFY5468R00.jpg
LT 125 223 3 SMA	15386	LACOSTE	БЕЛЫЙ	ВЬЕТНАМ	3	pics/746SMA0057042.jpg
L-SPIN DELUXE 123 1 SMA	14686	LACOSTE	БЕЖЕВЫЙ	ВЬЕТНАМ	1	pics/745SMA0020WN8.jpg
BB 4000 II	6200	REEBOK	РАЗНОЦВЕТНЫЙ	ВЬЕТНАМ	4	pics/RB101520043R00.jpg
L001 223 1 SMA	8990	LACOSTE	БЕЖЕВЫЙ	ВЬЕТНАМ	2	pics/746SMA00482G9.jpg
ACE CLIP 223 2 SMA	16086	LACOSTE	СИНИЙ	ВЬЕТНАМ	1	pics/746SMA0077092.jpg
Casual	5199	ERKE	ЧЕРНЫЙ	КИТАЙ	1	pics/ER11123302170007.jpg
L001 MID 223 1 SMA	9990	LACOSTE	РАЗНОЦВЕТНЫЙ	ВЬЕТНАМ	4	pics/746SMA0030042.jpg
AUDYSSOR LITE 223 1 SMA	12990	LACOSTE	БЕЖЕВЫЙ	ВЬЕТНАМ	1	pics/746SMA0118WP2.jpg
MX	11592	ECCO	ЧЕРНЫЙ	ПОРТУГАЛИЯ	5	pics/EC82018402001.jpg
SUPERSTAR	8990	ADIDAS	БЕЛЫЙ	ВЬЕТНАМ	3	pics/ADNGY0638R00.jpg
CLASSIC LEATHER	10799	REEBOK	СЕРЫЙ	ВЬЕТНАМ	2	pics/RB101520071R00.jpg
L001 223 4 SMA	8990	LACOSTE	ЗЕЛЕНЫЙ	ВЬЕТНАМ	1	pics/746SMA0051082.jpg
Jogging	5499	ERKE	РАЗНОЦВЕТНЫЙ	КИТАЙ	1	pics/ER11123320265004.jpg
CLASSIC LEATHER	9919	REEBOK	БЕЖЕВЫЙ	ВЬЕТНАМ	2	pics/RB101520087R00.jpg
AUDYSSOR LITE 223 1 SMA	12990	LACOSTE	РАЗНОЦВЕТНЫЙ	ВЬЕТНАМ	1	pics/746SMA01182H3.jpg
L003 NEO 223 1 SMA	14686	LACOSTE	БЕЖЕВЫЙ	ВЬЕТНАМ	1	pics/746SMA0003WP2.jpg
SUPERSTAR	7500	ADIDAS	БЕЛЫЙ	ВЬЕТНАМ	8	pics/ADNH00193R00.jpg
ACE CLIP 223 2 SMA	16086	LACOSTE	ЗЕЛЕНЫЙ	ВЬЕТНАМ	1	pics/746SMA00771R7.jpg
CLUB C GROUNDS UK	9449	REEBOK	БЕЖЕВЫЙ	ВЬЕТНАМ	2	pics/RB101519918R00.jpg
L001 123 7 SMA	8990	LACOSTE	ЧЕРНЫЙ	ВЬЕТНАМ	2	pics/745SMA0126312.jpg
Pro Model 2G	6396	ADIDAS	КРАСНЫЙ	ВЬЕТНАМ	1	pics/ADNFZ0902R00.jpg
L003 NEO 223 1 SMA	14686	LACOSTE	КОРИЧНЕВЫЙ	ВЬЕТНАМ	1	pics/746SMA000311I.jpg
L003 NEO 223 1 SMA	14686	LACOSTE	РАЗНОЦВЕТНЫЙ	ВЬЕТНАМ	3	pics/746SMA00031U2.jpg
Casual	4549	ERKE	БЕЖЕВЫЙ	КИТАЙ	1	pics/ER11123302170008.jpg
AUDYSSOR LT SOCK 2231 SMA	8994	LACOSTE	БОРДОВЫЙ	ВЬЕТНАМ	1	pics/746SMA0120AMR.jpg
BIOM 2.1 X COUNTRY	15992	ECCO	ЧЕРНЫЙ	ИНДОНЕЗИЯ	2	pics/EC82283451052.jpg
Ojai Cordura	18130	BRANDBLACK	БЕЖЕВЫЙ	ВЬЕТНАМ	1	pics/BBM772BBJETW.jpg
CLUB C 85	13499	REEBOK	БЕЛЫЙ	ВЬЕТНАМ	1	pics/RBID9221R00.jpg
CLUB C REVENGE	8990	REEBOK	БЕЛЫЙ	ВЬЕТНАМ	2	pics/RBIE2318R00.jpg
Winsor Trail Mid Fab WaterProof	16793	TIMBERLAND	ЧЕРНЫЙ	ВЬЕТНАМ	1	pics/TB0A67X80151R00.jpg
ZIG DYNAMICA 4	9099	REEBOK	ЗЕЛЕНЫЙ	ВЬЕТНАМ	4	pics/RBIE4656R00.jpg
RS-X Efekt Reflective	14990	PUMA	БЕЛЫЙ	ВЬЕТНАМ	3	pics/PM39077702.jpg
Millennium-QUELING	9432	ANTA	ЧЕРНЫЙ	КИТАЙ	1	pics/AN8123388991.jpg
CLUB C 85	8990	REEBOK	БЕЛЫЙ	ВЬЕТНАМ	2	pics/RBID9273R00.jpg
CLASSIC LEATHER	10124	REEBOK	ЧЕРНЫЙ	ВЬЕТНАМ	1	pics/RBID1834R00.jpg
8933	9990	ANTA	БЕЖЕВЫЙ	КИТАЙ	3	pics/AN8121489333.jpg
DOWNTOWN	16140	BRANDBLACK	БЕЖЕВЫЙ	ВЬЕТНАМ	1	pics/BBM285BBOFWT.jpg
PUMP OMNI ZONE II	8995	REEBOK	БЕЛЫЙ	ВЬЕТНАМ	2	pics/RBIF4775R00.jpg
8933	9990	ANTA	ЧЕРНЫЙ	КИТАЙ	3	pics/AN8121489332.jpg
CLASSIC LEATHER MID GORE-TEX THIN	8400	REEBOK	ЧЕРНЫЙ	ВЬЕТНАМ	3	pics/RB101407499R00.jpg
CLUB C GROUNDS UK	13499	REEBOK	ЧЕРНЫЙ	ВЬЕТНАМ	1	pics/RB101519916R00.jpg
CLUB C REVENGE	9449	REEBOK	БЕЛЫЙ	ВЬЕТНАМ	1	pics/RBIF0235R00.jpg
ZIG DYNAMICA 4	10399	REEBOK	КОРИЧНЕВЫЙ	ВЬЕТНАМ	2	pics/RBIE4655R00.jpg
8933	9990	ANTA	РАЗНОЦВЕТНЫЙ	КИТАЙ	1	pics/AN8121489331.jpg
CLUB C 85 VINTAGE	9449	REEBOK	БЕЛЫЙ	ВЬЕТНАМ	1	pics/RB101519913R00.jpg
Kaiju	16740	BRANDBLACK	РАЗНОЦВЕТНЫЙ	ВЬЕТНАМ	1	pics/BBM609BBIVBK.jpg
RS-X Efekt Reflective	11893	PUMA	ЧЕРНЫЙ	ВЬЕТНАМ	1	pics/PM39077701.jpg
Millennium-QUELING	8792	ANTA	БЕЖЕВЫЙ	КИТАЙ	1	pics/AN8123388992.jpg
CLUB C REVENGE	5490	REEBOK	БЕЛЫЙ	ВЬЕТНАМ	4	pics/RBIF0236R00.jpg
CLUB C REVENGE VINTAGE	8990	REEBOK	ЖЕЛТЫЙ	ВЬЕТНАМ	2	pics/RBID9259R00.jpg
CLUB C REVENGE VINTAGE	8990	REEBOK	КОРИЧНЕВЫЙ	ВЬЕТНАМ	2	pics/RBID9258R00.jpg
CONQUEST RIPSTOP SW	19194	DIADORA	КОРИЧНЕВЫЙ	РУМЫНИЯ	1	pics/DR20117968570167.jpg
CLUB C GROUNDS UK	13499	REEBOK	БЕЖЕВЫЙ	ВЬЕТНАМ	1	pics/RB101519920R00.jpg
ZIG DYNAMICA 4	10399	REEBOK	ЧЕРНЫЙ	ВЬЕТНАМ	4	pics/RBIF0081R00.jpg
GS Motion 6 Mid F/L WaterProof	29990	TIMBERLAND	КОРИЧНЕВЫЙ	КАМБОДЖА	1	pics/TB0A67M8F131R00.jpg
Millennium-QUELING	9432	ANTA	СЕРЫЙ	КИТАЙ	2	pics/AN8123388993.jpg
GEL-QUANTUM 180 VII	15393	ASICS	ЧЕРНЫЙ	ИНДИЯ	6	pics/AS1201A631001.jpg
CONTENDER S	7693	MIZUNO	БЕЖЕВЫЙ	ВЬЕТНАМ	1	pics/MZD1GA221207.jpg
WAVE RIDER B	11192	MIZUNO	СЕРЫЙ	ВЬЕТНАМ	1	pics/MZD1GA330903.jpg
BONDI 8	25990	HOKA	ЗЕЛЕНЫЙ	ВЬЕТНАМ	1	pics/HKAHK1123202CBIF.jpg
ANACAPA LOW Gore-Tex	23990	HOKA	КОРИЧНЕВЫЙ	КИТАЙ	1	pics/HKAHK1122017DOTN.jpg
CONTENDER	7693	MIZUNO	БЕЖЕВЫЙ	ВЬЕТНАМ	2	pics/MZD1GA225501.jpg
RINCON 3	15990	HOKA	ЧЕРНЫЙ	ВЬЕТНАМ	1	pics/HKAHK1119395BDGB.jpg
ANACAPA LOW Gore-Tex	23990	HOKA	ЗЕЛЕНЫЙ	КИТАЙ	2	pics/HKAHK1122017BRYL.jpg
MACH 5	21990	HOKA	ОРАНЖЕВЫЙ	ВЬЕТНАМ	2	pics/HKAHK1127893IVOR.jpg
GEL-SONOMA 7 Gore-Tex	17990	ASICS	ЧЕРНЫЙ	ВЬЕТНАМ	5	pics/AS1011B593002.jpg
CONTENDER S	7693	MIZUNO	БОРДОВЫЙ	ВЬЕТНАМ	1	pics/MZD1GA216203.jpg
SKY MEDAL PREMIUM	8792	MIZUNO	БЕЖЕВЫЙ	ВЬЕТНАМ	1	pics/MZD1GA213210.jpg
CITY WIND	6993	MIZUNO	ЗЕЛЕНЫЙ	ВЬЕТНАМ	1	pics/MZD1GA332801.jpg
RINCON 3	15990	HOKA	РАЗНОЦВЕТНЫЙ	ВЬЕТНАМ	3	pics/HKAHK1119395SSNG.jpg
WAVE RIDER B	11192	MIZUNO	СИНИЙ	ВЬЕТНАМ	1	pics/MZD1GA330904.jpg
BONDI 8	25990	HOKA	СИНИЙ	ВЬЕТНАМ	3	pics/HKAHK1123202CSVO.jpg
JAPAN S PF	5995	ASICS	БЕЛЫЙ	КАМБОДЖА	6	pics/AS1202A024109.jpg
GEL-CONTEND 8	7483	ASICS	ЧЕРНЫЙ	КАМБОДЖА	3	pics/AS1011B492002.jpg
CONTENDER	8792	MIZUNO	БЕЖЕВЫЙ	ВЬЕТНАМ	1	pics/MZD1GA227401.jpg
KAHA 2 LOW Gore-Tex	23990	HOKA	ЗЕЛЕНЫЙ	ВЬЕТНАМ	1	pics/HKAHK1123190TRYL.jpg
CITY WIND	6993	MIZUNO	БЕЖЕВЫЙ	ВЬЕТНАМ	1	pics/MZD1GA332802.jpg
JAPAN S ST	9793	ASICS	БЕЛЫЙ	КАМБОДЖА	1	pics/AS1203A289103.jpg
CHALLENGER ATR 7	22990	HOKA	ЖЕЛТЫЙ	ВЬЕТНАМ	1	pics/HKAHK1134497PFGY.jpg
WAVE RIDER B	11192	MIZUNO	ЗЕЛЕНЫЙ	ВЬЕТНАМ	1	pics/MZD1GA330901.jpg
SPEEDGOAT 5 WIDE	18990	HOKA	РАЗНОЦВЕТНЫЙ	ВЬЕТНАМ	2	pics/HKAHK1123159BCEP.jpg
CHALLENGER ATR 7 Gore-Tex	22990	HOKA	СИНИЙ	ВЬЕТНАМ	1	pics/HKAHK1134501OSDC.jpg
CLIFTON 8	22990	HOKA	СИНИЙ	ВЬЕТНАМ	1	pics/HKAHK1119393GBMS.jpg
CONTENDER S	7693	MIZUNO	БЕЖЕВЫЙ	ВЬЕТНАМ	1	pics/MZD1GA221208.jpg
CONTENDER S	7693	MIZUNO	ЖЕЛТЫЙ	ВЬЕТНАМ	1	pics/MZD1GA218601.jpg
STREET PLAY	6990	ANTA	СЕРЫЙ	КИТАЙ	4	pics/AN8124180514.jpg
Jordan 1 Retro High OG White Cement	21990	NIKE	ФИОЛЕТОВЫЙ	КИТАЙ	6	pics/NKDZ5485105.jpg
DUNK LOW ESS SNKR	19990	NIKE	КРАСНЫЙ	ИНДОНЕЗИЯ	8	pics/NKDX5931001.jpg
AIR ZOOM FLIGHT 95	23990	NIKE	БЕЖЕВЫЙ	ВЬЕТНАМ	1	pics/NKDX5505100.jpg
DUNK HIGH LX	19990	NIKE	БЕЖЕВЫЙ	ИНДОНЕЗИЯ	4	pics/NKDX3452700.jpg
L-SPIN DELUXE 124 4 SMA	14686	LACOSTE	БЕЖЕВЫЙ	ИНДОНЕЗИЯ	3	pics/747SMA0114082.jpg
STREET PLAY	7990	ANTA	БЕЖЕВЫЙ	КИТАЙ	5	pics/AN8124180515.jpg
AIR WALKER	5990	ANTA	ЧЕРНЫЙ	КИТАЙ	1	pics/AN8124155226.jpg
L-SPIN 124 2 SMA	17980	LACOSTE	БЕЖЕВЫЙ	ИНДОНЕЗИЯ	2	pics/747SMA01121R5.jpg
L003 NEO 124 6 SMA	13788	LACOSTE	ЧЕРНЫЙ	ВЬЕТНАМ	6	pics/747SMA0105312.jpg
Fashion Worship 5.0	5990	ANTA	СЕРЫЙ	КИТАЙ	2	pics/AN8124188402.jpg
DUNK HI RETRO PRM	19990	NIKE	БЕЖЕВЫЙ	ВЬЕТНАМ	4	pics/NKDV0822100.jpg
Dunk Low Championship Court Purple	19990	NIKE	ФИОЛЕТОВЫЙ	ИНДОНЕЗИЯ	6	pics/NKDD1391104.jpg
STREET PLAY	7990	ANTA	БЕЖЕВЫЙ	КИТАЙ	2	pics/AN8124180513.jpg
BLAZER LOW '77 JUMBO	16990	NIKE	БЕЛЫЙ	ВЬЕТНАМ	3	pics/NKDN2158101.jpg
SNEAKERS	5590	UNITED 4	ЧЕРНЫЙ	ТУРЦИЯ	1	pics/UN004PTR.jpg
L-SPIN DELUXE 124 3 SMA	12588	LACOSTE	БЕЖЕВЫЙ	ИНДОНЕЗИЯ	1	pics/747SMA0113147.jpg
AOJIE	5990	ANTA	ОРАНЖЕВЫЙ	КИТАЙ	1	pics/AN8124180405.jpg
AIR FORCE 1 '07 LV8 EMB	19990	NIKE	БЕЖЕВЫЙ	ВЬЕТНАМ	4	pics/NKDV0787100.jpg
L003 NEO 124 6 SMA	11490	LACOSTE	ЖЕЛТЫЙ	ВЬЕТНАМ	6	pics/747SMA0105YB2.jpg
STREET PLAY	6990	ANTA	ЧЕРНЫЙ	КИТАЙ	3	pics/AN8124180511.jpg
AIR TRAINER 1	16990	NIKE	КОРИЧНЕВЫЙ	ИНДОНЕЗИЯ	4	pics/NKDV7201100.jpg
STREET PLAY	7990	ANTA	СЕРЫЙ	КИТАЙ	4	pics/AN8124180516.jpg
ACG LOWCATE	12990	NIKE	ЧЕРНЫЙ	КИТАЙ	5	pics/NKDM8019300.jpg
SNEAKERS	5590	UNITED 4	КОРИЧНЕВЫЙ	ТУРЦИЯ	1	pics/UN003KRM.jpg
L-GUARD BREAKER CT 124 2 SMA	17486	LACOSTE	СИНИЙ	ВЬЕТНАМ	8	pics/747SMA010495K.jpg
BASIC	3990	ANTA	ЧЕРНЫЙ	КИТАЙ	1	pics/AN8124155774.jpg
Dunk Low Retro	14693	NIKE	РАЗНОЦВЕТНЫЙ	ИНДОНЕЗИЯ	1	pics/NKDV0833300.jpg
SPEED 3.0	5990	ANTA	СЕРЫЙ	КИТАЙ	1	pics/AN8123416044.jpg
Dunk High Retro	19990	NIKE	БЕЛЫЙ	КИТАЙ	1	pics/NKDJ6189100.jpg
GRAND SLAM	5992	ANTA	БЕЖЕВЫЙ	КИТАЙ	2	pics/AN8123480608.jpg
Blazer Mid '77 Vintage	18990	NIKE	БЕЛЫЙ	ИНДИЯ	2	pics/NKBQ6806124.jpg
TJM SKATER LO	13993	TOMMY JEANS	РАЗНОЦВЕТНЫЙ	КИТАЙ	1	pics/TMEM0EM012140GY.jpg
COLORBLOCK LEATHER SNEAKER	9990	TOMMY JEANS	СИНИЙ	ИНДОНЕЗИЯ	3	pics/TMEM0EM01215C9B.jpg
MYTHOS BLUSHIELD	13995	DIADORA	ЧЕРНЫЙ	ВЬЕТНАМ	1	pics/DR101178056C7406.jpg
ELEVATED BASKET	13990	TOMMY JEANS	БЕЖЕВЫЙ	ИНДОНЕЗИЯ	3	pics/TMEM0EM01212YBI.jpg
FLAG LEATHER SNEAKER	11490	TOMMY JEANS	ЗЕЛЕНЫЙ	ИНДОНЕЗИЯ	4	pics/TMEM0EM01216MBG.jpg
CLASSIC LEATHER	8990	REEBOK	ЧЕРНЫЙ	ВЬЕТНАМ	2	pics/RB101520232R00.jpg
SNEAKERS	12243	TOMMY JEANS	СИНИЙ	КИТАЙ	3	pics/TMEM0EM01082C87.jpg
TJM SKATER LO	13993	TOMMY JEANS	БЕЖЕВЫЙ	КИТАЙ	1	pics/TMEM0EM01214TCR.jpg
SNEAKERS LTH HIGH	5599	ERKE	СЕРЫЙ	КИТАЙ	1	pics/ER11123304060005.jpg
COLOR POP SNEAKER	13293	TOMMY JEANS	БЕЖЕВЫЙ	КИТАЙ	1	pics/TMEM0EM012190GY.jpg
Air Force 1 Low Retro	22990	NIKE	БЕЛЫЙ	ВЬЕТНАМ	1	pics/NKFN5924100.jpg
HENGDUAN	11290	ANTA	КОРИЧНЕВЫЙ	КИТАЙ	3	pics/AN8123455863.jpg
SPEED 3.0	6632	ANTA	ЧЕРНЫЙ	КИТАЙ	1	pics/AN8123416043.jpg
Smash 3.0	6990	PUMA	ЧЕРНЫЙ	КИТАЙ	2	pics/PM39098401.jpg
TJM BASKET MI	11990	TOMMY JEANS	БЕЖЕВЫЙ	ИНДОНЕЗИЯ	3	pics/TMEM0EM012170GY.jpg
FLAG LEATHER SNEAKER	11490	TOMMY JEANS	БЕЖЕВЫЙ	ИНДОНЕЗИЯ	2	pics/TMEM0EM012160GY.jpg
Jogging	4399	ERKE	ЧЕРНЫЙ	КИТАЙ	5	pics/ER11123320265005.jpg
Basketball	6399	ERKE	ГОЛУБОЙ	КИТАЙ	2	pics/ER11123304248607.jpg
Blazer Low '77 Jumbo	16990	NIKE	БЕЛЫЙ	ВЬЕТНАМ	1	pics/NKFN3413100.jpg
SNEAKERS LTH HIGH	6399	ERKE	ЧЕРНЫЙ	КИТАЙ	1	pics/ER11123304060708.jpg
HENGDUAN	11290	ANTA	ЧЕРНЫЙ	КИТАЙ	1	pics/AN8123455861.jpg
MYTHOS BLUSHIELD	10396	DIADORA	ЧЕРНЫЙ	ВЬЕТНАМ	1	pics/DR101178066C0200.jpg
RS-X Suede	14990	PUMA	ЧЕРНЫЙ	ВЬЕТНАМ	3	pics/PM39117604.jpg
ZIG ENCORE	7199	REEBOK	СЕРЫЙ	ВЬЕТНАМ	3	pics/RB101520188R00.jpg
ROCKET 5.0	9390	ANTA	ОРАНЖЕВЫЙ	КИТАЙ	1	pics/AN8123455232.jpg
SNEAKERS	5495	TOMMY JEANS	ЗЕЛЕНЫЙ	КИТАЙ	3	pics/TMEM0EM01299MBG.jpg
LIGHTWEIGHT RUNNER K	11990	TOMMY HILFIGER	БЕЛЫЙ	КИТАЙ	1	pics/TMFM0FM04700YBS.jpg
RS-XK Cool	14990	PUMA	ЧЕРНЫЙ	ВЬЕТНАМ	1	pics/PM39278707.jpg
RS-X Efekt	14990	PUMA	ЧЕРНЫЙ	ВЬЕТНАМ	1	pics/PM39004808.jpg
FLAG ACCENT LEATHER SNEAKER	7995	TOMMY HILFIGER	БЕЛЫЙ	ВЬЕТНАМ	4	pics/TMFM0FM04589YBS.jpg
SNEAKERS	7990	TOMMY JEANS	СИНИЙ	КИТАЙ	1	pics/TMEM0EM01299C87.jpg
SPEED 3.0	5990	ANTA	РАЗНОЦВЕТНЫЙ	КИТАЙ	1	pics/AN8123416045.jpg
Smash 3.0	6990	PUMA	СЕРЫЙ	КИТАЙ	2	pics/PM39098408.jpg
TJM FASHION R	14693	TOMMY JEANS	БЕЖЕВЫЙ	КИТАЙ	1	pics/TMEM0EM012210GY.jpg
ESSENTIAL LEATHER DE	12490	TOMMY HILFIGER	ЧЕРНЫЙ	КИТАЙ	3	pics/TMFM0FM04047BDS.jpg
RUNNER LO VIN	7245	TOMMY HILFIGER	СИНИЙ	ВЬЕТНАМ	3	pics/TMFM0FM03431DW5.jpg
RUNNER LO VIN	10143	TOMMY HILFIGER	ЧЕРНЫЙ	ВЬЕТНАМ	1	pics/TMFM0FM03431BDS.jpg
Shuffle	6392	PUMA	БЕЛЫЙ	КИТАЙ	2	pics/PM38015001.jpg
ESSENTIAL LEATHER CU	9793	TOMMY HILFIGER	БЕЛЫЙ	КИТАЙ	3	pics/TMFM0FM04921YBS.jpg
ESSENTIAL LEATHER CU	12490	TOMMY HILFIGER	ЧЕРНЫЙ	КИТАЙ	3	pics/TMFM0FM049210GK.jpg
FLAG ACCENT LEATHER SNEAKER	11990	TOMMY HILFIGER	СИНИЙ	ВЬЕТНАМ	3	pics/TMFM0FM04589DW5.jpg
ESSENTIAL LEATHER DE	12490	TOMMY HILFIGER	БЕЛЫЙ	КИТАЙ	1	pics/TMFM0FM04047YBR.jpg
Caracal	5990	PUMA	БЕЛЫЙ	КИТАЙ	4	pics/PM36986303.jpg
RS-XK Cool	11893	PUMA	ЧЕРНЫЙ	ВЬЕТНАМ	2	pics/PM39278703.jpg
FLAG ACCENT LEATHER SNEAKER	11193	TOMMY HILFIGER	ЧЕРНЫЙ	ВЬЕТНАМ	1	pics/TMFM0FM04589BDS.jpg
LIGHTWEIGHT RUNNER K	7995	TOMMY HILFIGER	СИНИЙ	КИТАЙ	1	pics/TMFM0FM04700DW5.jpg
SNEAKERS	7693	TOMMY JEANS	КРАСНЫЙ	КИТАЙ	1	pics/TMEM0EM01299XM4.jpg
MIXED MATERIALS TH SNEAKER	8745	TOMMY JEANS	БЕЖЕВЫЙ	КИТАЙ	3	pics/TMEM0EM01300MBG.jpg
Smash 3.0	7490	PUMA	БЕЖЕВЫЙ	КИТАЙ	2	pics/PM39098407.jpg
RS-XK Cool	11893	PUMA	СЕРЫЙ	ВЬЕТНАМ	1	pics/PM39278705.jpg
RS-XK Cool	11893	PUMA	БЕЖЕВЫЙ	ВЬЕТНАМ	2	pics/PM39278704.jpg
TJM URBAN RUN	16793	TOMMY JEANS	БЕЖЕВЫЙ	КИТАЙ	1	pics/TMEM0EM012240GY.jpg
RS-X Suede	14990	PUMA	БЕЖЕВЫЙ	ВЬЕТНАМ	1	pics/PM39117605.jpg
RS-XK Cool	11893	PUMA	БЕЛЫЙ	ВЬЕТНАМ	2	pics/PM39278708.jpg
MODERN VULC CORPORAT	11893	TOMMY HILFIGER	БЕЛЫЙ	ВЬЕТНАМ	4	pics/TMFM0FM04922YBR.jpg
BASKED RETRO	20293	EA7	СЕРЫЙ	ИНДОНЕЗИЯ	3	pics/EA7X8Z042XK351S967.jpg
JV ALL OVER	17493	EA7	ЧЕРНЫЙ	ИНДОНЕЗИЯ	4	pics/EA7X8Z037XK294A120.jpg
Slipstream Box Out PUMA White-Malachite	12990	PUMA	ЧЕРНЫЙ	КИТАЙ	1	pics/PM39478901.jpg
New Basket	19593	EA7	РАЗНОЦВЕТНЫЙ	ИНДОНЕЗИЯ	1	pics/EA7X8Z039XK331S915.jpg
ACE RUNNER NEOPRENE	18193	EA7	СИНИЙ	КИТАЙ	2	pics/EA7X8X159XK364S988.jpg
DRAGON HIGHT	10740	VEGTUS	БЕЖЕВЫЙ	ИСПАНИЯ	1	pics/VG321428021010.jpg
DRAGON	10500	VEGTUS	ЗЕЛЕНЫЙ	ИСПАНИЯ	1	pics/VG312428021005.jpg
GUAJIRA COLOURED	10200	VEGTUS	ЧЕРНЫЙ	ИСПАНИЯ	1	pics/VG352428001002.jpg
Crusher Distance Trail	19593	EA7	ЧЕРНЫЙ	КИТАЙ	4	pics/EA7X8X129XK307R653.jpg
New Basket	19593	EA7	СИНИЙ	ИНДОНЕЗИЯ	2	pics/EA7X8Z039XK331S964.jpg
DRAGON	10500	VEGTUS	ЧЕРНЫЙ	ИСПАНИЯ	1	pics/VG312428021002.jpg
JV ALL OVER	17493	EA7	БЕЛЫЙ	ИНДОНЕЗИЯ	1	pics/EA7X8Z037XK294D611.jpg
ACE RUNNER	20643	EA7	ЗЕЛЕНЫЙ	КИТАЙ	2	pics/EA7X8X070XK165S916.jpg
ACE RUNNER	17694	EA7	ЧЕРНЫЙ	КИТАЙ	2	pics/EA7X8X070XK165N629.jpg
ACE RUNNER	20643	EA7	ОРАНЖЕВЫЙ	КИТАЙ	3	pics/EA7X8X070XK165S918.jpg
RS-X Efekt	11893	PUMA	ЧЕРНЫЙ	ВЬЕТНАМ	2	pics/PM39381401.jpg
Crusher Distance Trail	19593	EA7	РАЗНОЦВЕТНЫЙ	КИТАЙ	3	pics/EA7X8X129XK307S888.jpg
TUAREG	10740	VEGTUS	ЗЕЛЕНЫЙ	ИСПАНИЯ	1	pics/VG202284021005.jpg
BASKED RETRO	20293	EA7	СИНИЙ	ИНДОНЕЗИЯ	1	pics/EA7X8Z042XK351R236.jpg
BASKED RETRO	20293	EA7	ЧЕРНЫЙ	ИНДОНЕЗИЯ	1	pics/EA7X8Z042XK351A120.jpg
DRAGON	10500	VEGTUS	БЕЖЕВЫЙ	ИСПАНИЯ	1	pics/VG312428023047.jpg
ACE RUNNER NEOPRENE	18193	EA7	ЧЕРНЫЙ	КИТАЙ	3	pics/EA7X8X159XK364N763.jpg
ACE RUNNER	17694	EA7	КОРИЧНЕВЫЙ	КИТАЙ	1	pics/EA7X8X070XK165S919.jpg
TUAREG	10740	VEGTUS	СЕРЫЙ	ИСПАНИЯ	1	pics/VG2022840218500.jpg
ACE RUNNER NEOPRENE	18193	EA7	ЗЕЛЕНЫЙ	КИТАЙ	1	pics/EA7X8X159XK364S860.jpg
GUAJIRA COLOURED	10140	VEGTUS	СИНИЙ	ИСПАНИЯ	1	pics/VG3524280229312.jpg
BASKED RETRO	20293	EA7	БЕЛЫЙ	ИНДОНЕЗИЯ	1	pics/EA7X8Z042XK351S968.jpg
New Basket	19593	EA7	ЧЕРНЫЙ	ИНДОНЕЗИЯ	1	pics/EA7X8Z039XK331S900.jpg
TUAREG	10740	VEGTUS	СИНИЙ	ИСПАНИЯ	1	pics/VG2022272328402.jpg
DRAGON HIGHT	10740	VEGTUS	ЧЕРНЫЙ	ИСПАНИЯ	1	pics/VG322428021002.jpg
STRADA	9495	DIADORA	СЕРЫЙ	ВЬЕТНАМ	1	pics/DR101179544C2763.jpg
Lozan Klub LTH	8330	K-SWISS	БЕЛЫЙ	ВЬЕТНАМ	1	pics/KS07263918M.jpg
SPLASH 5.0	10552	ANTA	ГОЛУБОЙ	КИТАЙ	1	pics/AN8123411082.jpg
Rinzler GT	10320	K-SWISS	ЧЕРНЫЙ	ВЬЕТНАМ	1	pics/KS08907027M.jpg
Si-18 Rival	10320	K-SWISS	БЕЛЫЙ	КИТАЙ	1	pics/KS08531110M.jpg
Lozan II	8330	K-SWISS	БЕЛЫЙ	ВЬЕТНАМ	1	pics/KS07943997M.jpg
Vista Trainer Mid WNT	9520	K-SWISS	ЗЕЛЕНЫЙ	ВЬЕТНАМ	1	pics/KS07145379M.jpg
Match Pro LTH	4760	K-SWISS	БЕЛЫЙ	КИТАЙ	1	pics/KS08905130M.jpg
MAGIC BASKET	8495	DIADORA	БЕЖЕВЫЙ	КИТАЙ	3	pics/DR501179045C0445.jpg
CONQUEST SUEDE SW	19194	DIADORA	КОРИЧНЕВЫЙ	РУМЫНИЯ	3	pics/DR20117968475037.jpg
MAGIC BASKET DEMI EARTH	8495	DIADORA	СИНИЙ	КИТАЙ	4	pics/DR501179005C2217.jpg
SPLASH 5.0	10552	ANTA	РАЗНОЦВЕТНЫЙ	КИТАЙ	1	pics/AN8123411084.jpg
Gstaad Gold	11830	K-SWISS	БЕЛЫЙ	ВЬЕТНАМ	1	pics/KS08526117M.jpg
B.56 ICONA	9774	DIADORA	БЕЛЫЙ	КИТАЙ	1	pics/DR501180124C0823.jpg
DAD SHOES	3990	ANTA	ЧЕРНЫЙ	КИТАЙ	1	pics/AN8123388127.jpg
EQUIPE SESTRIERE-XT	19194	DIADORA	БЕЖЕВЫЙ	КИТАЙ	2	pics/DR101179551D0493.jpg
Match Pro LTH	9520	K-SWISS	БЕЛЫЙ	КИТАЙ	1	pics/KS08905144M.jpg
Vista Trainer Mid WNT	9520	K-SWISS	КОРИЧНЕВЫЙ	ВЬЕТНАМ	1	pics/KS07145229M.jpg
Lozan Klub LTH	4760	K-SWISS	БЕЛЫЙ	ВЬЕТНАМ	2	pics/KS07263192M.jpg
PASSO 3	7194	DIADORA	ЧЕРНЫЙ	ВЬЕТНАМ	2	pics/DR101179546C7406.jpg
PASSO 3	7194	DIADORA	СЕРЫЙ	ВЬЕТНАМ	1	pics/DR101179546C9609.jpg
Si-18 Rival	10320	K-SWISS	БЕЛЫЙ	КИТАЙ	1	pics/KS08531182M.jpg
Vista Trainer Mid WNT	8330	K-SWISS	ЧЕРНЫЙ	ВЬЕТНАМ	1	pics/KS07145097M.jpg
SOFT 7	13192	ECCO	ЧЕРНЫЙ	ИНДОНЕЗИЯ	3	pics/EC47036401001.jpg
CONQUEST SUEDE SW	12796	DIADORA	СИНИЙ	РУМЫНИЯ	4	pics/DR20117968460067.jpg
SHOCK WAVE 5.0 V2	12072	ANTA	ГОЛУБОЙ	КИТАЙ	1	pics/AN8123411061.jpg
Rinzler GT	9030	K-SWISS	БЕЛЫЙ	ВЬЕТНАМ	1	pics/KS08907148M.jpg
Lozan II	9520	K-SWISS	ЧЕРНЫЙ	ВЬЕТНАМ	1	pics/KS07943904M.jpg
MAGIC BASKET	10194	DIADORA	БЕЖЕВЫЙ	КИТАЙ	1	pics/DR501178565C6313.jpg
AIR WALKER	5990	ANTA	ЧЕРНЫЙ	КИТАЙ	2	pics/AN8124155227.jpg
JELLY	6990	ANTA	ЧЕРНЫЙ	КИТАЙ	3	pics/AN8124155015.jpg
L001 124 4 SMA	18980	LACOSTE	ЧЕРНЫЙ	ВЬЕТНАМ	2	pics/747SMA0055312.jpg
L003 NEO 124 4 SMA	13788	LACOSTE	БЕЖЕВЫЙ	ВЬЕТНАМ	2	pics/747SMA0097080.jpg
L003 NEO 124 3 SMA	9990	LACOSTE	СЕРЫЙ	ВЬЕТНАМ	9	pics/747SMA0010GS2.jpg
AG-LT23 ULTRA 124 1 SMA	23086	LACOSTE	РАЗНОЦВЕТНЫЙ	ВЬЕТНАМ	1	pics/747SMA0028407.jpg
LT 125 124 7 SMA	11990	LACOSTE	РАЗНОЦВЕТНЫЙ	ВЬЕТНАМ	7	pics/747SMA00955T9.jpg
BASIC	3990	ANTA	ЧЕРНЫЙ	КИТАЙ	1	pics/AN8124155776.jpg
AUDYSSOR 124 4 SMA	23980	LACOSTE	ЧЕРНЫЙ	ВЬЕТНАМ	4	pics/747SMA009602H.jpg
JELLY	6990	ANTA	ЧЕРНЫЙ	КИТАЙ	1	pics/AN8124155014.jpg
AUDYSSOR 123 1 SMA	9990	LACOSTE	БЕЛЫЙ	ВЬЕТНАМ	1	pics/745SMA120021G.jpg
ELITE ACTIVE 124 2 SMA	17486	LACOSTE	СЕРЫЙ	ИНДОНЕЗИЯ	3	pics/747SMA0098GS2.jpg
L-SPIN 124 1 SMA	13986	LACOSTE	БЕЖЕВЫЙ	ИНДОНЕЗИЯ	3	pics/747SMA0014ANS.jpg
L003 NEO 124 1 SMA	11490	LACOSTE	ОРАНЖЕВЫЙ	ВЬЕТНАМ	6	pics/747SMA0008ABQ.jpg
BASIC	2645	ANTA	СЕРЫЙ	КИТАЙ	5	pics/AN8124155771.jpg
COMFORT	4990	ANTA	БЕЖЕВЫЙ	КИТАЙ	1	pics/AN8124155201.jpg
L001 124 5 SMA	15386	LACOSTE	БЕЖЕВЫЙ	ВЬЕТНАМ	1	pics/747SMA0056WN1.jpg
L003 NEO 124 4 SMA	13788	LACOSTE	БЕЖЕВЫЙ	ВЬЕТНАМ	4	pics/747SMA0097286.jpg
AUDYSSOR 124 1 SMA	9990	LACOSTE	СИНИЙ	ВЬЕТНАМ	1	pics/747SMA0017J18.jpg
L003 NEO 124 1 SMA	11490	LACOSTE	СИНИЙ	ВЬЕТНАМ	3	pics/747SMA0008BG3.jpg
L001 124 2 SMA	11988	LACOSTE	БЕЖЕВЫЙ	ВЬЕТНАМ	2	pics/747SMA00532J8.jpg
JELLY	6990	ANTA	БЕЖЕВЫЙ	КИТАЙ	2	pics/AN8124155011.jpg
AUDYSSOR ZIP OG 124 1 SMA	11490	LACOSTE	БЕЛЫЙ	ВЬЕТНАМ	2	pics/747SMA000521G.jpg
AG-LT23 LITE CC 1241 SMA	24486	LACOSTE	БЕЖЕВЫЙ	ВЬЕТНАМ	1	pics/747SMA0032WO1.jpg
L003 NEO 124 5 SMA	13788	LACOSTE	КОРИЧНЕВЫЙ	ВЬЕТНАМ	3	pics/747SMA0103LT3.jpg
AIR WALKER	5992	ANTA	СЕРЫЙ	КИТАЙ	3	pics/AN8124155225.jpg
AUDYSSOR 124 3 SMA	11490	LACOSTE	СЕРЫЙ	ВЬЕТНАМ	3	pics/747SMA0020GS2.jpg
LINESHOT 124 2 SMA	13788	LACOSTE	БЕЛЫЙ	ТАИЛАНД	4	pics/747SMA0061147.jpg
LINESHOT 223 4 SMA	13788	LACOSTE	БЕЛЫЙ	ТАИЛАНД	2	pics/746SMA011021G.jpg
L001 124 5 SMA	15386	LACOSTE	БЕЖЕВЫЙ	ВЬЕТНАМ	1	pics/747SMA0056WG1.jpg
WUYI	6990	ANTA	СЕРЫЙ	КИТАЙ	3	pics/AN8124155313.jpg
STREET PLAY SE	3990	ANTA	БЕЖЕВЫЙ	КИТАЙ	4	pics/AN8124180123.jpg
GEL-CONTEND 8	6993	ASICS	СЕРЫЙ	КАМБОДЖА	1	pics/AS1011B492026.jpg
480	14990	NEW BALANCE	БЕЛЫЙ	ИНДОНЕЗИЯ	1	pics/NBBB480COC.jpg
ACELINE 124 1 SMA	14388	LACOSTE	СЕРЫЙ	ВЬЕТНАМ	3	pics/747SMA00751Y5.jpg
480	14990	NEW BALANCE	ЧЕРНЫЙ	ИНДОНЕЗИЯ	5	pics/NBBB480COB.jpg
STREET PLAY SE	3990	ANTA	ЧЕРНЫЙ	КИТАЙ	3	pics/AN8124180122.jpg
GEL-KINSEI BLAST LE	11196	ASICS	СИНИЙ	ВЬЕТНАМ	2	pics/AS1011B332400.jpg
480	12990	NEW BALANCE	ЖЕЛТЫЙ	ИНДОНЕЗИЯ	2	pics/NBBB480LWA.jpg
GEL-QUANTUM 180 VII	10995	ASICS	ЧЕРНЫЙ	ИНДИЯ	3	pics/AS1201A631007.jpg
JELLY	4156	ANTA	ЧЕРНЫЙ	КИТАЙ	2	pics/AN8124155013.jpg
EBUFFER PRO	6573	ANTA	ЧЕРНЫЙ	КИТАЙ	1	pics/AN8124177113.jpg
STREET PLAY SE	3990	ANTA	БЕЖЕВЫЙ	КИТАЙ	2	pics/AN8124180124.jpg
AOJIE	5990	ANTA	БЕЖЕВЫЙ	КИТАЙ	1	pics/AN8124180406.jpg
L003 0722 1 SMA	13986	LACOSTE	РАЗНОЦВЕТНЫЙ	ВЬЕТНАМ	2	pics/743SMA0064407.jpg
TRAINER	5990	ANTA	ЧЕРНЫЙ	КИТАЙ	2	pics/AN8124177881.jpg
480	12990	NEW BALANCE	ЧЕРНЫЙ	ИНДОНЕЗИЯ	1	pics/NBBB480LHJ.jpg
GEL-QUANTUM 360 VII	14394	ASICS	СЕРЫЙ	ВЬЕТНАМ	3	pics/AS1201A779020.jpg
GEL-QUANTUM 180	17592	ASICS	ЧЕРНЫЙ	ИНДИЯ	2	pics/AS1201A435001.jpg
AOJIE	5990	ANTA	БЕЖЕВЫЙ	КИТАЙ	4	pics/AN8124180404.jpg
TRAINER	7512	ANTA	БЕЖЕВЫЙ	КИТАЙ	2	pics/AN8124177883.jpg
AOJIE	5990	ANTA	БЕЖЕВЫЙ	КИТАЙ	1	pics/AN8124180408.jpg
GEL-QUANTUM 180 VII	7960	ASICS	БЕЛЫЙ	ВЬЕТНАМ	1	pics/AS1201A860100.jpg
EBUFFER PRO	6990	ANTA	СЕРЫЙ	КИТАЙ	1	pics/AN8124177117.jpg
480	14990	NEW BALANCE	БЕЛЫЙ	ИНДОНЕЗИЯ	2	pics/NBBB480COA.jpg
480	12990	NEW BALANCE	ЧЕРНЫЙ	ИНДОНЕЗИЯ	2	pics/NBBB480LBA.jpg
MYTHOS BLUSHIELD VOLO 4 HIP	9196	DIADORA	ЧЕРНЫЙ	ВЬЕТНАМ	1	pics/DR101180252C7406.jpg
JELLY	6990	ANTA	ЧЕРНЫЙ	КИТАЙ	4	pics/AN8124155016.jpg
GEL-KINSEI BLAST	19593	ASICS	ЧЕРНЫЙ	ВЬЕТНАМ	2	pics/AS1011B203002.jpg
M.Skateboard Shoes	2800	ERKE	БЕЖЕВЫЙ	КИТАЙ	3	pics/ER11124101034001.jpg
M.Skateboard Shoes	2280	ERKE	РАЗНОЦВЕТНЫЙ	КИТАЙ	4	pics/ER11124101123005.jpg
M.Skateboard Shoes	2280	ERKE	БЕЛЫЙ	КИТАЙ	2	pics/ER11124101123004.jpg
M.Jogging Shoes	3200	ERKE	БЕЖЕВЫЙ	КИТАЙ	2	pics/ER11123402011002.jpg
M.Skateboard Shoes	4000	ERKE	ЧЕРНЫЙ	КИТАЙ	1	pics/ER11123401094003.jpg
M.Skateboard Shoes	2560	ERKE	БЕЖЕВЫЙ	КИТАЙ	1	pics/ER11124101050004.jpg
M.Skateboard Shoes	2480	ERKE	БЕЛЫЙ	КИТАЙ	2	pics/ER11124101133004.jpg
M.Skateboard Shoes	2560	ERKE	БЕЖЕВЫЙ	КИТАЙ	3	pics/ER11124101050005.jpg
M.Skateboard Shoes	2800	ERKE	ЧЕРНЫЙ	КИТАЙ	4	pics/ER11123401332001.jpg
M.Skateboard Shoes	4000	ERKE	БЕЛЫЙ	КИТАЙ	2	pics/ER11123401094001.jpg
M.Skateboard Shoes	3080	ERKE	ЧЕРНЫЙ	КИТАЙ	3	pics/ER11123401217001.jpg
M.Skateboard Shoes	2800	ERKE	ЧЕРНЫЙ	КИТАЙ	2	pics/ER11123401338002.jpg
M.Skateboard Shoes	4000	ERKE	ЧЕРНЫЙ	КИТАЙ	1	pics/ER11124101042005.jpg
M.Skateboard Shoes	2800	ERKE	РАЗНОЦВЕТНЫЙ	КИТАЙ	3	pics/ER11123401160003.jpg
M.Skateboard Shoes	2800	ERKE	БЕЖЕВЫЙ	КИТАЙ	4	pics/ER11123401338003.jpg
M.Jogging Shoes	2800	ERKE	ЧЕРНЫЙ	КИТАЙ	5	pics/ER11123402166005.jpg
M.Skateboard Shoes	5600	ERKE	БЕЖЕВЫЙ	КИТАЙ	1	pics/ER11124101042002.jpg
RETRO LEATHER RUNNER	9990	TOMMY JEANS	ЧЕРНЫЙ	КИТАЙ	5	pics/TMEM0EM01081BDS.jpg
BASKET LAYERING	12990	TOMMY JEANS	БЕЖЕВЫЙ	ИНДОНЕЗИЯ	3	pics/TMEM0EM01332YBI.jpg
BASKET WL	14990	TOMMY JEANS	ЧЕРНЫЙ	ИНДОНЕЗИЯ	3	pics/TMEM0EM01287BDS.jpg
CAMPUS 00s	14990	ADIDAS	ЧЕРНЫЙ	ВЬЕТНАМ	5	pics/ADHQ8708R00.jpg
Charged Speed Swift	3596	UNDER ARMOUR	ЧЕРНЫЙ	ВЬЕТНАМ	5	pics/UA3026999001.jpg
RETRO LEATHER BASKET	11490	TOMMY JEANS	БЕЛЫЙ	ВЬЕТНАМ	2	pics/TMEM0EM00955YBR.jpg
Charged Speed Swift	3596	UNDER ARMOUR	СЕРЫЙ	ВЬЕТНАМ	5	pics/UA3026999105.jpg
GAZELLE	16490	ADIDAS	СИНИЙ	ВЬЕТНАМ	8	pics/ADBB5478R00.jpg
SIGNATURE CUPSOLE LACE-UP	11490	TOMMY HILFIGER	ЧЕРНЫЙ	ВЬЕТНАМ	3	pics/TMFM0FM04727BDS.jpg
Flow Dynamic INTLKNT	6396	UNDER ARMOUR	БЕЛЫЙ	ВЬЕТНАМ	4	pics/UA3027177100.jpg
Charged Assert 10	3996	UNDER ARMOUR	ЧЕРНЫЙ	ВЬЕТНАМ	5	pics/UA3026175004.jpg
Charged Breeze 2	4796	UNDER ARMOUR	ЧЕРНЫЙ	ВЬЕТНАМ	1	pics/UA3026135001.jpg
NITEBALL	13990	ADIDAS	СЕРЫЙ	КИТАЙ	10	pics/ADIG6143R00.jpg
NITEBALL	11700	ADIDAS	БЕЖЕВЫЙ	КИТАЙ	11	pics/ADIG6142R00.jpg
CAMPUS 00s	14990	ADIDAS	СЕРЫЙ	?	9	pics/ADHQ8707R00.jpg
RETRO LEATHER RUNNER	9990	TOMMY JEANS	СИНИЙ	КИТАЙ	3	pics/TMEM0EM01081C87.jpg
CONTRAST HEEL LEATHER	11490	TOMMY JEANS	БЕЖЕВЫЙ	ИНДОНЕЗИЯ	5	pics/TMEM0EM012550K4.jpg
ESSENTIAL SERRATED OUTSOLE RUNNING TRAINERS	13990	TOMMY JEANS	ЧЕРНЫЙ	КИТАЙ	2	pics/TMEM0EM01265XJS.jpg
FAST RELEASE CLIP MID-TOP TRAINERS	15990	TOMMY JEANS	БЕЛЫЙ	ИНДОНЕЗИЯ	1	pics/TMEM0EM01288TCR.jpg
Charged Speed Swift	3596	UNDER ARMOUR	ЧЕРНЫЙ	ВЬЕТНАМ	4	pics/UA3026999003.jpg
ESSENTIAL SERRATED OUTSOLE RUNNING TRAINERS	13990	TOMMY JEANS	РАЗНОЦВЕТНЫЙ	КИТАЙ	2	pics/TMEM0EM01265YBL.jpg
RETRO LEATHER BASKET	11490	TOMMY JEANS	ЧЕРНЫЙ	ВЬЕТНАМ	5	pics/TMEM0EM009550GK.jpg
Charged Speed Swift	3596	UNDER ARMOUR	БЕЛЫЙ	ВЬЕТНАМ	4	pics/UA3026999106.jpg
LOW CUP LEATHER	11490	TOMMY HILFIGER	БЕЛЫЙ	КИТАЙ	3	pics/TMFM0FM04827YBS.jpg
Flow Dynamic INTLKNT	6396	UNDER ARMOUR	КРАСНЫЙ	ВЬЕТНАМ	2	pics/UA3027177600.jpg
ESSENTIAL LEATHER CUPSOLE	11490	TOMMY JEANS	БЕЛЫЙ	КИТАЙ	4	pics/TMEM0EM01068YBR.jpg
Flow Dynamic INTLKNT	6396	UNDER ARMOUR	ЧЕРНЫЙ	ВЬЕТНАМ	4	pics/UA3027177001.jpg
Charged Assert 10	3996	UNDER ARMOUR	ЧЕРНЫЙ	ВЬЕТНАМ	3	pics/UA3026175001.jpg
Charged Assert 10	3996	UNDER ARMOUR	БЕЛЫЙ	ВЬЕТНАМ	5	pics/UA3026175104.jpg
SIGNATURE CUPSOLE LACE-UP	11990	TOMMY HILFIGER	БЕЛЫЙ	ВЬЕТНАМ	4	pics/TMFM0FM04727YBS.jpg
RS-X Heritage	16990	PUMA	ЧЕРНЫЙ	ВЬЕТНАМ	2	pics/PM39821002.jpg
L-SPIN DELUXE 2.0 1241SMA	20980	LACOSTE	ЧЕРНЫЙ	ИНДОНЕЗИЯ	7	pics/747SMA0115312.jpg
GAZELLE INDOOR	19990	ADIDAS	ЧЕРНЫЙ	ИНДОНЕЗИЯ	6	pics/ADJI2060R00.jpg
GAZELLE MLS LA Galaxy	19990	ADIDAS	ЗЕЛЕНЫЙ	ВЬЕТНАМ	6	pics/ADIH2626R00.jpg
GAZELLE INDOOR	19990	ADIDAS	ГОЛУБОЙ	ИНДОНЕЗИЯ	9	pics/ADJI2061R00.jpg
GAZELLE MLS Los Angeles FC	19990	ADIDAS	БЕЖЕВЫЙ	ВЬЕТНАМ	10	pics/ADIH0203R00.jpg
N.92 ADVANCE	10990	DIADORA	ЗЕЛЕНЫЙ	ВЬЕТНАМ	4	pics/DR50118144175100.jpg
CAMPUS VULC	14990	ADIDAS	БЕЛЫЙ	ИНДОНЕЗИЯ	5	pics/ADJI1918R00.jpg
ELITE ACTIVE 223 2 SMA	24980	LACOSTE	ЧЕРНЫЙ	ИНДОНЕЗИЯ	7	pics/746SMA0123075.jpg
HANDBALL SPEZIAL	18990	ADIDAS	БЕЖЕВЫЙ	ВЬЕТНАМ	2	pics/ADIF1959R00.jpg
Palermo Vintage	12990	PUMA	ЧЕРНЫЙ	ВЬЕТНАМ	4	pics/PM39684104.jpg
CAMPUS VULC	14990	ADIDAS	ЧЕРНЫЙ	ИНДОНЕЗИЯ	1	pics/ADID1372R00.jpg
Dunk Low Vintage Panda	18990	NIKE	ЧЕРНЫЙ	ИНДОНЕЗИЯ	5	pics/NKFQ8899100.jpg
SL 72 RS	18990	ADIDAS	РАЗНОЦВЕТНЫЙ	ИНДОНЕЗИЯ	9	pics/ADIG4644R00.jpg
RS-X Podium	16990	PUMA	РАЗНОЦВЕТНЫЙ	ВЬЕТНАМ	4	pics/PM39821601.jpg
Zoom Vomero 5 Oatmeal	21990	NIKE	БЕЖЕВЫЙ	КИТАЙ	6	pics/NKFB8825111.jpg
Velophasis Always On	16990	PUMA	СЕРЫЙ	ВЬЕТНАМ	5	pics/PM39590812.jpg
Velophasis Always On	16990	PUMA	СЕРЫЙ	ВЬЕТНАМ	2	pics/PM39590813.jpg
RS-X EFEKT SP	16990	PUMA	ЧЕРНЫЙ	ВЬЕТНАМ	2	pics/PM39820202.jpg
L-SPIN DELUXE 224 1 SMA	18980	LACOSTE	РАЗНОЦВЕТНЫЙ	ИНДОНЕЗИЯ	2	pics/748SMA0064454.jpg
GAZELLE	16990	ADIDAS	ЧЕРНЫЙ	ИНДОНЕЗИЯ	4	pics/ADBB5497R00.jpg
Dunk Low Next Nature Iron Grey Lightning	18990	NIKE	СЕРЫЙ	ИНДОНЕЗИЯ	14	pics/NKFZ4621001.jpg
Dunk Low Next Nature Olive Aura	18990	NIKE	ЗЕЛЕНЫЙ	ИНДОНЕЗИЯ	11	pics/NKHF5384300.jpg
Dunk Low Next Nature Daybreak	18990	NIKE	ФИОЛЕТОВЫЙ	ИНДОНЕЗИЯ	10	pics/NKFZ4349100.jpg
RS-X EFEKT SP	16990	PUMA	БЕЛЫЙ	ВЬЕТНАМ	2	pics/PM39820201.jpg
RS-X Heritage	16990	PUMA	ЧЕРНЫЙ	ВЬЕТНАМ	3	pics/PM39821006.jpg
RS-X Podium	16990	PUMA	РАЗНОЦВЕТНЫЙ	ВЬЕТНАМ	2	pics/PM39821602.jpg
OZWEEGO	15820	ADIDAS	?	ВЬЕТНАМ	10	pics/ADEE6461R00.jpg
SAMBA OG	17990	ADIDAS	БЕЛЫЙ	ИНДИЯ	5	pics/ADB75806R00.jpg
BREAK START MID	11990	ADIDAS	СИНИЙ	ВЬЕТНАМ	1	pics/ADIH7970R00.jpg
MILLENNIUM 7.0	6223	ANTA	СЕРЫЙ	КИТАЙ	5	pics/AN8124288905.jpg
MI BASKET DESSAU	23093	DIADORA	КРАСНЫЙ	ИТАЛИЯ	4	pics/DR201178601C0673.jpg
SNEAKERS	18193	EA7	БЕЛЫЙ	ИНДОНЕЗИЯ	2	pics/EA7X8X089XK234T539.jpg
RS-X Efekt PRM	14990	PUMA	ЧЕРНЫЙ	ВЬЕТНАМ	3	pics/PM39077623.jpg
MILLENNIUM 7.0	5990	ANTA	КОРИЧНЕВЫЙ	КИТАЙ	5	pics/AN8124288908.jpg
KENDARI	5250	ETONIC	СЕРЫЙ	КИТАЙ	5	pics/ETM418E3101.jpg
FLOATZIG 1	10499	REEBOK	ГОЛУБОЙ	ВЬЕТНАМ	1	pics/RB100206597R00.jpg
MI BASKET USED	20293	DIADORA	РАЗНОЦВЕТНЫЙ	ПОРТУГАЛИЯ	1	pics/DR201158569C6664.jpg
MILLENNIUM 7.0	5990	ANTA	БЕЖЕВЫЙ	КИТАЙ	3	pics/AN8124288903.jpg
KENDARI	4200	ETONIC	СЕРЫЙ	КИТАЙ	5	pics/ETM418E3301.jpg
EAGLE 7	4494	DIADORA	ЧЕРНЫЙ	КИТАЙ	2	pics/DR101180238C0200.jpg
ROBIN 5	3594	DIADORA	ЧЕРНЫЙ	КИТАЙ	1	pics/DR101180242C7406.jpg
N.92 ADVANCE	6714	DIADORA	РАЗНОЦВЕТНЫЙ	ВЬЕТНАМ	4	pics/DR101178042D0906.jpg
MILLENNIUM 7.0	5334	ANTA	КОРИЧНЕВЫЙ	КИТАЙ	4	pics/AN8124288902.jpg
MI BASKET USED	19794	DIADORA	СИНИЙ	ПОРТУГАЛИЯ	1	pics/DR201158569C3130.jpg
GAME L LOW WAXED	12593	DIADORA	БЕЖЕВЫЙ	КИТАЙ	2	pics/DR501178301C5262.jpg
MI BASKET ROW CUT ITA VALDILANA	13293	DIADORA	КОРИЧНЕВЫЙ	ИТАЛИЯ	7	pics/DR20117782930179.jpg
MILLENNIUM 7.0	5990	ANTA	РАЗНОЦВЕТНЫЙ	КИТАЙ	4	pics/AN8124288901.jpg
Morphic Retro	11990	PUMA	СЕРЫЙ	КИТАЙ	3	pics/PM39592002.jpg
LUCY	5990	ANTA	СЕРЫЙ	КИТАЙ	4	pics/AN8124188514.jpg
SNEAKERS	18193	EA7	ЧЕРНЫЙ	ИНДОНЕЗИЯ	2	pics/EA7X8X089XK234Q289.jpg
EAGLE 7	4494	DIADORA	ЧЕРНЫЙ	КИТАЙ	1	pics/DR101180238C7406.jpg
LUCY	5990	ANTA	БЕЖЕВЫЙ	КИТАЙ	4	pics/AN8124188513.jpg
ENGLISH	18193	EA7	БЕЛЫЙ	ИНДОНЕЗИЯ	2	pics/EA7X8X027XK050T603.jpg
SNEAKERS	15393	EA7	ЧЕРНЫЙ	ИНДОНЕЗИЯ	1	pics/EA7X8X173XK374N181.jpg
MILLENNIUM 7.0	5990	ANTA	ЧЕРНЫЙ	КИТАЙ	5	pics/AN8124288906.jpg
LUCY	5990	ANTA	ЧЕРНЫЙ	КИТАЙ	5	pics/AN8124188512.jpg
FLOATZIG 1	10499	REEBOK	ЗЕЛЕНЫЙ	ВЬЕТНАМ	3	pics/RB100206594R00.jpg
N.92 ADVANCE	6714	DIADORA	РАЗНОЦВЕТНЫЙ	ВЬЕТНАМ	5	pics/DR10117804275029.jpg
WALKER	6990	ANTA	ЧЕРНЫЙ	КИТАЙ	4	pics/AN8124188912.jpg
Fashion Worship 5.0	3290	ANTA	СЕРЫЙ	КИТАЙ	5	pics/AN8124188408.jpg
BB 4000 II MID	5600	REEBOK	БЕЛЫЙ	ВЬЕТНАМ	4	pics/RB100075206R00.jpg
PREMIER TRINITY KFS	9799	REEBOK	КОРИЧНЕВЫЙ	ВЬЕТНАМ	1	pics/RB100074434R00.jpg
CAMPUS 00s	14990	ADIDAS	КОРИЧНЕВЫЙ	ВЬЕТНАМ	11	pics/ADIF8774R00.jpg
BIOM 2.1 X MOUNTAIN	8396	ECCO	КОРИЧНЕВЫЙ	ТАИЛАНД	4	pics/EC82381460770.jpg
FORUM MID	11990	ADIDAS	БЕЛЫЙ	КИТАЙ	4	pics/ADIG3754R00.jpg
FORUM MID	12990	ADIDAS	БЕЛЫЙ	КИТАЙ	5	pics/ADIG3755R00.jpg
WALKER	7990	ANTA	ЧЕРНЫЙ	КИТАЙ	3	pics/AN8124188914.jpg
ZIG DYNAMICA 5	9990	REEBOK	СЕРЫЙ	ВЬЕТНАМ	5	pics/RB100074661R00.jpg
GAZELLE	16490	ADIDAS	БОРДОВЫЙ	?	6	pics/ADB41645R00.jpg
BB 4000 II	6196	REEBOK	БЕЛЫЙ	ВЬЕТНАМ	9	pics/RB100033737R00.jpg
EBUFFER	4990	ANTA	БЕЛЫЙ	КИТАЙ	2	pics/AN8124177181.jpg
STREET LITE	5996	ECCO	ЗЕЛЕНЫЙ	КИТАЙ	5	pics/EC52140460949.jpg
WALKER	7990	ANTA	БЕЖЕВЫЙ	КИТАЙ	4	pics/AN8124188916.jpg
FLOATZIG 1	10499	REEBOK	ЖЕЛТЫЙ	ВЬЕТНАМ	1	pics/RB100206593R00.jpg
FLOATZIG 1	9990	REEBOK	ЧЕРНЫЙ	ВЬЕТНАМ	5	pics/RB100206592R00.jpg
BB 4000 II	7990	REEBOK	БЕЖЕВЫЙ	ВЬЕТНАМ	10	pics/RB100074941R00.jpg
CLUB C 85	8990	REEBOK	БЕЛЫЙ	ВЬЕТНАМ	6	pics/RB100000154R00.jpg
BB 4000 II	5200	REEBOK	РАЗНОЦВЕТНЫЙ	ВЬЕТНАМ	1	pics/RB100074739R00.jpg
EBUFFER	6990	ANTA	ЧЕРНЫЙ	КИТАЙ	3	pics/AN8124177183.jpg
Fashion Worship 5.0	5990	ANTA	ЧЕРНЫЙ	КИТАЙ	3	pics/AN8124188401.jpg
CLUB C REVENGE	4800	REEBOK	БЕЛЫЙ	ВЬЕТНАМ	1	pics/RB100074210R00.jpg
WALKER	6990	ANTA	БЕЖЕВЫЙ	КИТАЙ	4	pics/AN8124188917.jpg
Fashion Worship 5.0	5990	ANTA	ЧЕРНЫЙ	КИТАЙ	5	pics/AN8124188406.jpg
EBUFFER	4990	ANTA	ГОЛУБОЙ	КИТАЙ	4	pics/AN8124177184.jpg
CLUB C 85	4800	REEBOK	ЧЕРНЫЙ	ВЬЕТНАМ	9	pics/RB100000153R00.jpg
BB 4000 II MID	8990	REEBOK	БЕЛЫЙ	ВЬЕТНАМ	8	pics/RB100074636R00.jpg
TERRACRUISE LT	5996	ECCO	ЧЕРНЫЙ	СЛОВАКИЯ	2	pics/EC82577451052.jpg
Fashion Worship 5.0	2996	ANTA	СЕРЫЙ	КИТАЙ	5	pics/AN8124188404.jpg
Euro Trekker	9196	TIMBERLAND	ЧЕРНЫЙ	КАМБОДЖА	5	pics/TB0A6AZDEK91R00.jpg
WALKER	6990	ANTA	КОРИЧНЕВЫЙ	КИТАЙ	4	pics/AN8124188913.jpg
Rebound v6	7990	PUMA	БЕЛЫЙ	КИТАЙ	1	pics/PM39232602.jpg
Winsor Park	8796	TIMBERLAND	КОРИЧНЕВЫЙ	БАНГЛАДЕШ	4	pics/TB0A5W2RD511R00.jpg
MILES TRAINER	9720	MICHAEL KORS	ЧЕРНЫЙ	ВЬЕТНАМ	3	pics/MK42R4MIFS3D012.jpg
Rebound v6 Low	8990	PUMA	ЧЕРНЫЙ	КИТАЙ	8	pics/PM39232801.jpg
Winsor Park	8796	TIMBERLAND	КОРИЧНЕВЫЙ	БАНГЛАДЕШ	3	pics/TB0A67A9EO21R00.jpg
Rebound v6	7990	PUMA	СЕРЫЙ	КИТАЙ	1	pics/PM39232605.jpg
Fashion Worship 5.0	2996	ANTA	КОРИЧНЕВЫЙ	КИТАЙ	5	pics/AN8124188403.jpg
BASIC	3990	ANTA	ЧЕРНЫЙ	КИТАЙ	4	pics/AN8124180163.jpg
KIT TRAINER EXTREME	11200	MICHAEL KORS	СИНИЙ	ВЬЕТНАМ	3	pics/MK42R4KIFS4D407.jpg
Morphic Retro	11990	PUMA	ЧЕРНЫЙ	КИТАЙ	5	pics/PM39592001.jpg
Winsor Park	8796	TIMBERLAND	БЕЖЕВЫЙ	БАНГЛАДЕШ	3	pics/TB0A66PWEN71R00.jpg
Euro Trekker	9196	TIMBERLAND	БЕЛЫЙ	КАМБОДЖА	4	pics/TB0A6A6REM11R00.jpg
RS-X Efekt PRM	14990	PUMA	КОРИЧНЕВЫЙ	ВЬЕТНАМ	8	pics/PM39077630.jpg
TERRACRUISE LT	7495	ECCO	ЗЕЛЕНЫЙ	СЛОВАКИЯ	1	pics/EC82577456586.jpg
Euro Trekker	9196	TIMBERLAND	КОРИЧНЕВЫЙ	КАМБОДЖА	5	pics/TB0A6AEVEO41R00.jpg
BASIC	2116	ANTA	БЕЛЫЙ	КИТАЙ	5	pics/AN8124180161.jpg
Rebound v6	9490	PUMA	ЧЕРНЫЙ	КИТАЙ	4	pics/PM39232601.jpg
MILES TRAINER	9720	MICHAEL KORS	КОРИЧНЕВЫЙ	ВЬЕТНАМ	4	pics/MK42R4MIFS3D221.jpg
NICK TRAINER	15250	MICHAEL KORS	СИНИЙ	ВЬЕТНАМ	2	pics/MK42R4NIFS2B407.jpg
Velophasis Earth	15990	PUMA	КОРИЧНЕВЫЙ	ВЬЕТНАМ	1	pics/PM39590901.jpg
STREET LITE	5996	ECCO	ЧЕРНЫЙ	КИТАЙ	2	pics/EC52140450334.jpg
RS-X Efekt PRM	14990	PUMA	ЧЕРНЫЙ	ВЬЕТНАМ	8	pics/PM39077621.jpg
MILES TRAINER	12150	MICHAEL KORS	ЧЕРНЫЙ	ВЬЕТНАМ	2	pics/MK42T2MIFS4D001.jpg
Winsor Park	8796	TIMBERLAND	ЧЕРНЫЙ	БАНГЛАДЕШ	5	pics/TB0A5WVZ0151R00.jpg
STREET 720 M GORE-TEX	8396	ECCO	СЕРЫЙ	КИТАЙ	6	pics/EC52081454301.jpg
